case	mode	label	radius	base	base_vol	base_faces	patched	patched_vol	patched_faces	verdict
C1-opposite-top-w4	add	0.5c	1.0	valid	235.707963268	8	valid	235.707963268	8	same
C1-opposite-top-w4	add2	0.5c	1.0	valid	235.707963268	8	valid	235.707963268	8	same
C1-opposite-top-w4	seq	0.5c	1.0	valid	235.707963268	8	valid	235.707963268	8	same
C1-opposite-top-w4	add	c-1e-3	1.999	valid	222.849016927	8	valid	222.849016927	8	same
C1-opposite-top-w4	add2	c-1e-3	1.999	valid	222.849016927	8	valid	222.849016927	8	same
C1-opposite-top-w4	seq	c-1e-3	1.999	valid	222.849016927	8	valid	222.849016927	8	same
C1-opposite-top-w4	add	c-1e-4	1.9999	valid	222.833569844	8	valid	222.833569844	8	same
C1-opposite-top-w4	add2	c-1e-4	1.9999	valid	222.833569844	8	valid	222.833569844	8	same
C1-opposite-top-w4	seq	c-1e-4	1.9999	valid	222.833569844	8	valid	222.833569844	8	same
C1-opposite-top-w4	add	c-1e-8	1.99999999	valid	222.831853243	8	valid	222.831853243	8	same
C1-opposite-top-w4	add2	c-1e-8	1.99999999	valid	222.831853243	8	valid	222.831853243	8	same
C1-opposite-top-w4	seq	c-1e-8	1.99999999	valid	222.831853243	8	valid	222.831853243	8	same
C1-opposite-top-w4	add	c-1ulp	1.9999999999999998	false	None	None	valid	222.831853072	7	newly-valid
C1-opposite-top-w4	add2	c-1ulp	1.9999999999999998	false	None	None	valid	222.831853072	7	newly-valid
C1-opposite-top-w4	seq	c-1ulp	1.9999999999999998	false	None	None	false	None	None	unchanged
C1-opposite-top-w4	add	c	2	false	None	None	valid	222.831853072	7	newly-valid
C1-opposite-top-w4	add2	c	2	false	None	None	valid	222.831853072	7	newly-valid
C1-opposite-top-w4	seq	c	2	false	None	None	false	None	None	unchanged
C1-opposite-top-w4	add	c+1ulp	2.0000000000000004	false	None	None	false	None	None	unchanged
C1-opposite-top-w4	add2	c+1ulp	2.0000000000000004	false	None	None	false	None	None	unchanged
C1-opposite-top-w4	seq	c+1ulp	2.0000000000000004	false	None	None	false	None	None	unchanged
C1-opposite-top-w4	add	c+1e-8	2.00000001	false	None	None	false	None	None	unchanged
C1-opposite-top-w4	add2	c+1e-8	2.00000001	false	None	None	false	None	None	unchanged
C1-opposite-top-w4	seq	c+1e-8	2.00000001	false	None	None	false	None	None	unchanged
C1-opposite-top-w4	add	c+1e-4	2.0001	false	None	None	false	None	None	unchanged
C1-opposite-top-w4	add2	c+1e-4	2.0001	false	None	None	false	None	None	unchanged
C1-opposite-top-w4	seq	c+1e-4	2.0001	false	None	None	false	None	None	unchanged
C1-opposite-top-w4	add	c+1e-3	2.001	false	None	None	false	None	None	unchanged
C1-opposite-top-w4	add2	c+1e-3	2.001	false	None	None	false	None	None	unchanged
C1-opposite-top-w4	seq	c+1e-3	2.001	false	None	None	false	None	None	unchanged
C1-opposite-top-w4	add	1.5c	3.0	false	None	None	false	None	None	unchanged
C1-opposite-top-w4	add2	1.5c	3.0	false	None	None	false	None	None	unchanged
C1-opposite-top-w4	seq	1.5c	3.0	false	None	None	false	None	None	unchanged
C2-opposite-top-w10	add	0.5c	2.5	valid	229.26990817	8	valid	229.26990817	8	same
C2-opposite-top-w10	add2	0.5c	2.5	valid	229.26990817	8	valid	229.26990817	8	same
C2-opposite-top-w10	seq	0.5c	2.5	valid	229.26990817	8	valid	229.26990817	8	same
C2-opposite-top-w10	add	c-1e-3	4.999	valid	197.09679911	8	valid	197.09679911	8	same
C2-opposite-top-w10	add2	c-1e-3	4.999	valid	197.09679911	8	valid	197.09679911	8	same
C2-opposite-top-w10	seq	c-1e-3	4.999	valid	197.09679911	8	valid	197.09679911	8	same
C2-opposite-top-w10	add	c-1e-4	4.9999	valid	197.081349477	8	valid	197.081349477	8	same
C2-opposite-top-w10	add2	c-1e-4	4.9999	valid	197.081349477	8	valid	197.081349477	8	same
C2-opposite-top-w10	seq	c-1e-4	4.9999	valid	197.081349477	8	valid	197.081349477	8	same
C2-opposite-top-w10	add	c-1e-8	4.99999999	valid	197.079632851	8	valid	197.079632851	8	same
C2-opposite-top-w10	add2	c-1e-8	4.99999999	valid	197.079632851	8	valid	197.079632851	8	same
C2-opposite-top-w10	seq	c-1e-8	4.99999999	valid	197.079632851	8	valid	197.079632851	8	same
C2-opposite-top-w10	add	c-1ulp	4.999999999999999	false	None	None	valid	197.079632679	7	newly-valid
C2-opposite-top-w10	add2	c-1ulp	4.999999999999999	false	None	None	valid	197.079632679	7	newly-valid
C2-opposite-top-w10	seq	c-1ulp	4.999999999999999	false	None	None	false	None	None	unchanged
C2-opposite-top-w10	add	c	5	false	None	None	valid	197.079632679	7	newly-valid
C2-opposite-top-w10	add2	c	5	false	None	None	valid	197.079632679	7	newly-valid
C2-opposite-top-w10	seq	c	5	false	None	None	false	None	None	unchanged
C2-opposite-top-w10	add	c+1ulp	5.000000000000001	false	None	None	false	None	None	unchanged
C2-opposite-top-w10	add2	c+1ulp	5.000000000000001	false	None	None	false	None	None	unchanged
C2-opposite-top-w10	seq	c+1ulp	5.000000000000001	false	None	None	false	None	None	unchanged
C2-opposite-top-w10	add	c+1e-8	5.00000001	false	None	None	false	None	None	unchanged
C2-opposite-top-w10	add2	c+1e-8	5.00000001	false	None	None	false	None	None	unchanged
C2-opposite-top-w10	seq	c+1e-8	5.00000001	false	None	None	false	None	None	unchanged
C2-opposite-top-w10	add	c+1e-4	5.0001	false	None	None	false	None	None	unchanged
C2-opposite-top-w10	add2	c+1e-4	5.0001	false	None	None	false	None	None	unchanged
C2-opposite-top-w10	seq	c+1e-4	5.0001	false	None	None	false	None	None	unchanged
C2-opposite-top-w10	add	c+1e-3	5.001	false	None	None	false	None	None	unchanged
C2-opposite-top-w10	add2	c+1e-3	5.001	false	None	None	false	None	None	unchanged
C2-opposite-top-w10	seq	c+1e-3	5.001	false	None	None	false	None	None	unchanged
C2-opposite-top-w10	add	1.5c	7.5	false	None	None	false	None	None	unchanged
C2-opposite-top-w10	add2	1.5c	7.5	false	None	None	false	None	None	unchanged
C2-opposite-top-w10	seq	1.5c	7.5	false	None	None	false	None	None	unchanged
C3-opposite-side-w6	add	0.5c	1.5	valid	230.342917353	8	valid	230.342917353	8	same
C3-opposite-side-w6	add2	0.5c	1.5	valid	230.342917353	8	valid	230.342917353	8	same
C3-opposite-side-w6	seq	0.5c	1.5	valid	230.342917353	8	valid	230.342917353	8	same
C3-opposite-side-w6	add	c-1e-3	2.999	valid	201.39741734	8	valid	201.39741734	8	same
C3-opposite-side-w6	add2	c-1e-3	2.999	valid	201.39741734	8	valid	201.39741734	8	same
C3-opposite-side-w6	seq	c-1e-3	2.999	valid	201.39741734	8	valid	201.39741734	8	same
C3-opposite-side-w6	add	c-1e-4	2.9999	valid	201.374244591	8	valid	201.374244591	8	same
C3-opposite-side-w6	add2	c-1e-4	2.9999	valid	201.374244591	8	valid	201.374244591	8	same
C3-opposite-side-w6	seq	c-1e-4	2.9999	valid	201.374244591	8	valid	201.374244591	8	same
C3-opposite-side-w6	add	c-1e-8	2.99999999	valid	201.371669669	8	valid	201.371669669	8	same
C3-opposite-side-w6	add2	c-1e-8	2.99999999	valid	201.371669669	8	valid	201.371669669	8	same
C3-opposite-side-w6	seq	c-1e-8	2.99999999	valid	201.371669669	8	valid	201.371669669	8	same
C3-opposite-side-w6	add	c-1ulp	2.9999999999999996	false	None	None	valid	201.371669412	7	newly-valid
C3-opposite-side-w6	add2	c-1ulp	2.9999999999999996	false	None	None	valid	201.371669412	7	newly-valid
C3-opposite-side-w6	seq	c-1ulp	2.9999999999999996	false	None	None	false	None	None	unchanged
C3-opposite-side-w6	add	c	3	false	None	None	valid	201.371669412	7	newly-valid
C3-opposite-side-w6	add2	c	3	false	None	None	valid	201.371669412	7	newly-valid
C3-opposite-side-w6	seq	c	3	false	None	None	false	None	None	unchanged
C3-opposite-side-w6	add	c+1ulp	3.0000000000000004	false	None	None	false	None	None	unchanged
C3-opposite-side-w6	add2	c+1ulp	3.0000000000000004	false	None	None	false	None	None	unchanged
C3-opposite-side-w6	seq	c+1ulp	3.0000000000000004	false	None	None	false	None	None	unchanged
C3-opposite-side-w6	add	c+1e-8	3.00000001	false	None	None	false	None	None	unchanged
C3-opposite-side-w6	add2	c+1e-8	3.00000001	false	None	None	false	None	None	unchanged
C3-opposite-side-w6	seq	c+1e-8	3.00000001	false	None	None	false	None	None	unchanged
C3-opposite-side-w6	add	c+1e-4	3.0001	false	None	None	false	None	None	unchanged
C3-opposite-side-w6	add2	c+1e-4	3.0001	false	None	None	false	None	None	unchanged
C3-opposite-side-w6	seq	c+1e-4	3.0001	false	None	None	false	None	None	unchanged
C3-opposite-side-w6	add	c+1e-3	3.001	false	None	None	false	None	None	unchanged
C3-opposite-side-w6	add2	c+1e-3	3.001	false	None	None	false	None	None	unchanged
C3-opposite-side-w6	seq	c+1e-3	3.001	false	None	None	false	None	None	unchanged
C3-opposite-side-w6	add	1.5c	4.5	false	None	None	false	None	None	unchanged
C3-opposite-side-w6	add2	1.5c	4.5	false	None	None	false	None	None	unchanged
C3-opposite-side-w6	seq	1.5c	4.5	false	None	None	false	None	None	unchanged
C4-adjacent-top	add	0.5c	1.0	valid	237.091444625	8	valid	237.091444625	8	same
C4-adjacent-top	add2	0.5c	1.0	valid	237.091444625	8	valid	237.091444625	8	same
C4-adjacent-top	seq	0.5c	1.0	valid	235.875367553	10	valid	235.875367553	10	same
C4-adjacent-top	add	c-1e-3	1.999	valid	228.760124693	8	valid	228.760124693	8	same
C4-adjacent-top	add2	c-1e-3	1.999	valid	228.760124693	8	valid	228.760124693	8	same
C4-adjacent-top	seq	c-1e-3	1.999	valid	224.186243363	10	valid	224.186243363	10	same
C4-adjacent-top	add	c-1e-4	1.9999	valid	228.750346555	8	valid	228.750346555	8	same
C4-adjacent-top	add2	c-1e-4	1.9999	valid	228.750346555	8	valid	228.750346555	8	same
C4-adjacent-top	seq	c-1e-4	1.9999	valid	224.172603252	10	valid	224.172603252	10	same
C4-adjacent-top	add	c-1e-8	1.99999999	valid	228.749259962	8	valid	228.749259962	8	same
C4-adjacent-top	add2	c-1e-8	1.99999999	valid	228.749259962	8	valid	228.749259962	8	same
C4-adjacent-top	seq	c-1e-8	1.99999999	valid	224.171087507	10	valid	224.171087507	10	same
C4-adjacent-top	add	c-1ulp	1.9999999999999998	valid	228.749259853	8	valid	228.749259853	8	same
C4-adjacent-top	add2	c-1ulp	1.9999999999999998	valid	228.749259853	8	valid	228.749259853	8	same
C4-adjacent-top	seq	c-1ulp	1.9999999999999998	valid	224.171087355	10	valid	224.171087355	10	same
C4-adjacent-top	add	c	2	valid	228.749259864	8	valid	228.749259864	8	same
C4-adjacent-top	add2	c	2	valid	228.749259864	8	valid	228.749259864	8	same
C4-adjacent-top	seq	c	2	valid	224.171087355	10	valid	224.171087355	10	same
C4-adjacent-top	add	c+1ulp	2.0000000000000004	valid	228.749259864	8	valid	228.749259864	8	same
C4-adjacent-top	add2	c+1ulp	2.0000000000000004	valid	228.749259864	8	valid	228.749259864	8	same
C4-adjacent-top	seq	c+1ulp	2.0000000000000004	valid	224.171087355	10	valid	224.171087355	10	same
C4-adjacent-top	add	c+1e-8	2.00000001	valid	228.749259755	8	valid	228.749259755	8	same
C4-adjacent-top	add2	c+1e-8	2.00000001	valid	228.749259755	8	valid	228.749259755	8	same
C4-adjacent-top	seq	c+1e-8	2.00000001	valid	224.171087203	10	valid	224.171087203	10	same
C4-adjacent-top	add	c+1e-4	2.0001	valid	228.748173103	8	valid	228.748173103	8	same
C4-adjacent-top	add2	c+1e-4	2.0001	valid	228.748173103	8	valid	228.748173103	8	same
C4-adjacent-top	seq	c+1e-4	2.0001	valid	224.169571393	10	valid	224.169571393	10	same
C4-adjacent-top	add	c+1e-3	2.001	valid	228.738390165	8	valid	228.738390165	8	same
C4-adjacent-top	add2	c+1e-3	2.001	valid	228.738390165	8	valid	228.738390165	8	same
C4-adjacent-top	seq	c+1e-3	2.001	valid	224.155924772	10	valid	224.155924772	10	same
C4-adjacent-top	add	1.5c	3.0	valid	215.54866775	8	valid	215.54866775	8	same
C4-adjacent-top	add2	1.5c	3.0	valid	215.54866775	8	valid	215.54866775	8	same
C4-adjacent-top	seq	1.5c	3.0	valid	205.891585118	10	valid	205.891585118	10	same
C4-adjacent-top	add	0.5c	1.5	valid	233.563604539	8	valid	233.563604539	8	same
C4-adjacent-top	add2	0.5c	1.5	valid	233.563604539	8	valid	233.563604539	8	same
C4-adjacent-top	seq	0.5c	1.5	valid	230.907906816	10	valid	230.907906816	10	same
C4-adjacent-top	add	c-1e-3	2.999	valid	215.564103663	8	valid	215.564103663	8	same
C4-adjacent-top	add2	c-1e-3	2.999	valid	215.564103663	8	valid	215.564103663	8	same
C4-adjacent-top	seq	c-1e-3	2.999	valid	205.912814637	10	valid	205.912814637	10	same
C4-adjacent-top	add	c-1e-4	2.9999	valid	215.550211534	8	valid	215.550211534	8	same
C4-adjacent-top	add2	c-1e-4	2.9999	valid	215.550211534	8	valid	215.550211534	8	same
C4-adjacent-top	seq	c-1e-4	2.9999	valid	205.89370832	10	valid	205.89370832	10	same
C4-adjacent-top	add	c-1e-8	2.99999999	valid	215.548667904	8	valid	215.548667904	8	same
C4-adjacent-top	add2	c-1e-8	2.99999999	valid	215.548667904	8	valid	215.548667904	8	same
C4-adjacent-top	seq	c-1e-8	2.99999999	valid	205.89158533	10	valid	205.89158533	10	same
C4-adjacent-top	add	c-1ulp	2.9999999999999996	valid	215.54866775	8	valid	215.54866775	8	same
C4-adjacent-top	add2	c-1ulp	2.9999999999999996	valid	215.54866775	8	valid	215.54866775	8	same
C4-adjacent-top	seq	c-1ulp	2.9999999999999996	valid	205.891585118	10	valid	205.891585118	10	same
C4-adjacent-top	add	c	3	valid	215.54866775	8	valid	215.54866775	8	same
C4-adjacent-top	add2	c	3	valid	215.54866775	8	valid	215.54866775	8	same
C4-adjacent-top	seq	c	3	valid	205.891585118	10	valid	205.891585118	10	same
C4-adjacent-top	add	c+1ulp	3.0000000000000004	valid	215.54866775	8	valid	215.54866775	8	same
C4-adjacent-top	add2	c+1ulp	3.0000000000000004	valid	215.54866775	8	valid	215.54866775	8	same
C4-adjacent-top	seq	c+1ulp	3.0000000000000004	valid	205.891585118	10	valid	205.891585118	10	same
C4-adjacent-top	add	c+1e-8	3.00000001	valid	215.548667596	8	valid	215.548667596	8	same
C4-adjacent-top	add2	c+1e-8	3.00000001	valid	215.548667596	8	valid	215.548667596	8	same
C4-adjacent-top	seq	c+1e-8	3.00000001	valid	205.891584905	10	valid	205.891584905	10	same
C4-adjacent-top	add	c+1e-4	3.0001	valid	215.547123923	8	valid	215.547123923	8	same
C4-adjacent-top	add2	c+1e-4	3.0001	valid	215.547123923	8	valid	215.547123923	8	same
C4-adjacent-top	seq	c+1e-4	3.0001	valid	205.889461859	10	valid	205.889461859	10	same
C4-adjacent-top	add	c+1e-3	3.001	valid	215.533227523	8	valid	215.533227523	8	same
C4-adjacent-top	add2	c+1e-3	3.001	valid	215.533227523	8	valid	215.533227523	8	same
C4-adjacent-top	seq	c+1e-3	3.001	valid	205.870350028	10	valid	205.870350028	10	same
C4-adjacent-top	add	1.5c	4.5	false	None	None	false	None	None	unchanged
C4-adjacent-top	add2	1.5c	4.5	false	None	None	false	None	None	unchanged
C4-adjacent-top	seq	1.5c	4.5	false	None	None	false	None	None	unchanged
C4-adjacent-top	add	0.5c	2.0	valid	228.749259864	8	valid	228.749259864	8	same
C4-adjacent-top	add2	0.5c	2.0	valid	228.749259864	8	valid	228.749259864	8	same
C4-adjacent-top	seq	0.5c	2.0	valid	224.171087355	10	valid	224.171087355	10	same
C4-adjacent-top	add	c-1e-3	3.999	valid	198.084322128	8	valid	198.084322128	8	same
C4-adjacent-top	add2	c-1e-3	3.999	valid	198.084322128	8	valid	198.084322128	8	same
C4-adjacent-top	seq	c-1e-3	3.999	valid	182.067585158	10	valid	182.067585158	10	same
C4-adjacent-top	add	c-1e-4	3.9999	valid	198.066833697	8	valid	198.066833697	8	same
C4-adjacent-top	add2	c-1e-4	3.9999	valid	198.066833697	8	valid	198.066833697	8	same
C4-adjacent-top	seq	c-1e-4	3.9999	valid	182.043916619	10	valid	182.043916619	10	same
C4-adjacent-top	add	c-1e-8	3.99999999	valid	198.064890547	8	valid	198.064890547	8	same
C4-adjacent-top	add2	c-1e-8	3.99999999	valid	198.064890547	8	valid	198.064890547	8	same
C4-adjacent-top	seq	c-1e-8	3.99999999	valid	182.041288519	11	valid	182.041288519	11	same
C4-adjacent-top	add	c-1ulp	3.9999999999999996	false	None	None	false	None	None	unchanged
C4-adjacent-top	add2	c-1ulp	3.9999999999999996	false	None	None	false	None	None	unchanged
C4-adjacent-top	seq	c-1ulp	3.9999999999999996	false	None	None	false	None	None	unchanged
C4-adjacent-top	add	c	4	false	None	None	false	None	None	unchanged
C4-adjacent-top	add2	c	4	false	None	None	false	None	None	unchanged
C4-adjacent-top	seq	c	4	false	None	None	false	None	None	unchanged
C4-adjacent-top	add	c+1ulp	4.000000000000001	false	None	None	false	None	None	unchanged
C4-adjacent-top	add2	c+1ulp	4.000000000000001	false	None	None	false	None	None	unchanged
C4-adjacent-top	seq	c+1ulp	4.000000000000001	false	None	None	false	None	None	unchanged
C4-adjacent-top	add	c+1e-8	4.00000001	false	None	None	false	None	None	unchanged
C4-adjacent-top	add2	c+1e-8	4.00000001	false	None	None	false	None	None	unchanged
C4-adjacent-top	seq	c+1e-8	4.00000001	false	None	None	false	None	None	unchanged
C4-adjacent-top	add	c+1e-4	4.0001	false	None	None	false	None	None	unchanged
C4-adjacent-top	add2	c+1e-4	4.0001	false	None	None	false	None	None	unchanged
C4-adjacent-top	seq	c+1e-4	4.0001	false	None	None	false	None	None	unchanged
C4-adjacent-top	add	c+1e-3	4.001	false	None	None	false	None	None	unchanged
C4-adjacent-top	add2	c+1e-3	4.001	false	None	None	false	None	None	unchanged
C4-adjacent-top	seq	c+1e-3	4.001	false	None	None	false	None	None	unchanged
C4-adjacent-top	add	1.5c	6.0	false	None	None	false	None	None	unchanged
C4-adjacent-top	add2	1.5c	6.0	false	None	None	false	None	None	unchanged
C4-adjacent-top	seq	1.5c	6.0	false	None	None	false	None	None	unchanged
C4-adjacent-top	add	0.5c	2.5	valid	222.720313349	8	valid	222.720313349	8	same
C4-adjacent-top	add2	0.5c	2.5	valid	222.720313349	8	valid	222.720313349	8	same
C4-adjacent-top	seq	0.5c	2.5	valid	215.790462384	10	valid	215.790462384	10	same
C4-adjacent-top	add	c-1e-3	4.999	false	None	None	false	None	None	unchanged
C4-adjacent-top	add2	c-1e-3	4.999	false	None	None	false	None	None	unchanged
C4-adjacent-top	seq	c-1e-3	4.999	false	None	None	false	None	None	unchanged
C4-adjacent-top	add	c-1e-4	4.9999	false	None	None	false	None	None	unchanged
C4-adjacent-top	add2	c-1e-4	4.9999	false	None	None	false	None	None	unchanged
C4-adjacent-top	seq	c-1e-4	4.9999	false	None	None	false	None	None	unchanged
C4-adjacent-top	add	c-1e-8	4.99999999	false	None	None	false	None	None	unchanged
C4-adjacent-top	add2	c-1e-8	4.99999999	false	None	None	false	None	None	unchanged
C4-adjacent-top	seq	c-1e-8	4.99999999	false	None	None	false	None	None	unchanged
C4-adjacent-top	add	c-1ulp	4.999999999999999	false	None	None	false	None	None	unchanged
C4-adjacent-top	add2	c-1ulp	4.999999999999999	false	None	None	false	None	None	unchanged
C4-adjacent-top	seq	c-1ulp	4.999999999999999	false	None	None	false	None	None	unchanged
C4-adjacent-top	add	c	5	false	None	None	false	None	None	unchanged
C4-adjacent-top	add2	c	5	false	None	None	false	None	None	unchanged
C4-adjacent-top	seq	c	5	false	None	None	false	None	None	unchanged
C4-adjacent-top	add	c+1ulp	5.000000000000001	false	None	None	false	None	None	unchanged
C4-adjacent-top	add2	c+1ulp	5.000000000000001	false	None	None	false	None	None	unchanged
C4-adjacent-top	seq	c+1ulp	5.000000000000001	false	None	None	false	None	None	unchanged
C4-adjacent-top	add	c+1e-8	5.00000001	false	None	None	false	None	None	unchanged
C4-adjacent-top	add2	c+1e-8	5.00000001	false	None	None	false	None	None	unchanged
C4-adjacent-top	seq	c+1e-8	5.00000001	false	None	None	false	None	None	unchanged
C4-adjacent-top	add	c+1e-4	5.0001	false	None	None	false	None	None	unchanged
C4-adjacent-top	add2	c+1e-4	5.0001	false	None	None	false	None	None	unchanged
C4-adjacent-top	seq	c+1e-4	5.0001	false	None	None	false	None	None	unchanged
C4-adjacent-top	add	c+1e-3	5.001	false	None	None	false	None	None	unchanged
C4-adjacent-top	add2	c+1e-3	5.001	false	None	None	false	None	None	unchanged
C4-adjacent-top	seq	c+1e-3	5.001	false	None	None	false	None	None	unchanged
C4-adjacent-top	add	1.5c	7.5	false	None	None	false	None	None	unchanged
C4-adjacent-top	add2	1.5c	7.5	false	None	None	false	None	None	unchanged
C4-adjacent-top	seq	1.5c	7.5	false	None	None	false	None	None	unchanged
C4-adjacent-top	add	0.5c	3.0	valid	215.54866775	8	valid	215.54866775	8	same
C4-adjacent-top	add2	0.5c	3.0	valid	215.54866775	8	valid	215.54866775	8	same
C4-adjacent-top	seq	0.5c	3.0	valid	205.891585118	10	valid	205.891585118	10	same
C4-adjacent-top	add	c-1e-3	5.999	false	None	None	false	None	None	unchanged
C4-adjacent-top	add2	c-1e-3	5.999	false	None	None	false	None	None	unchanged
C4-adjacent-top	seq	c-1e-3	5.999	false	None	None	false	None	None	unchanged
C4-adjacent-top	add	c-1e-4	5.9999	false	None	None	false	None	None	unchanged
C4-adjacent-top	add2	c-1e-4	5.9999	false	None	None	false	None	None	unchanged
C4-adjacent-top	seq	c-1e-4	5.9999	false	None	None	false	None	None	unchanged
C4-adjacent-top	add	c-1e-8	5.99999999	false	None	None	false	None	None	unchanged
C4-adjacent-top	add2	c-1e-8	5.99999999	false	None	None	false	None	None	unchanged
C4-adjacent-top	seq	c-1e-8	5.99999999	false	None	None	false	None	None	unchanged
C4-adjacent-top	add	c-1ulp	5.999999999999999	false	None	None	false	None	None	unchanged
C4-adjacent-top	add2	c-1ulp	5.999999999999999	false	None	None	false	None	None	unchanged
C4-adjacent-top	seq	c-1ulp	5.999999999999999	false	None	None	false	None	None	unchanged
C4-adjacent-top	add	c	6	false	None	None	false	None	None	unchanged
C4-adjacent-top	add2	c	6	false	None	None	false	None	None	unchanged
C4-adjacent-top	seq	c	6	false	None	None	false	None	None	unchanged
C4-adjacent-top	add	c+1ulp	6.000000000000001	false	None	None	false	None	None	unchanged
C4-adjacent-top	add2	c+1ulp	6.000000000000001	false	None	None	false	None	None	unchanged
C4-adjacent-top	seq	c+1ulp	6.000000000000001	false	None	None	false	None	None	unchanged
C4-adjacent-top	add	c+1e-8	6.00000001	false	None	None	false	None	None	unchanged
C4-adjacent-top	add2	c+1e-8	6.00000001	false	None	None	false	None	None	unchanged
C4-adjacent-top	seq	c+1e-8	6.00000001	false	None	None	false	None	None	unchanged
C4-adjacent-top	add	c+1e-4	6.0001	false	None	None	false	None	None	unchanged
C4-adjacent-top	add2	c+1e-4	6.0001	false	None	None	false	None	None	unchanged
C4-adjacent-top	seq	c+1e-4	6.0001	false	None	None	false	None	None	unchanged
C4-adjacent-top	add	c+1e-3	6.001	false	None	None	false	None	None	unchanged
C4-adjacent-top	add2	c+1e-3	6.001	false	None	None	false	None	None	unchanged
C4-adjacent-top	seq	c+1e-3	6.001	false	None	None	false	None	None	unchanged
C4-adjacent-top	add	1.5c	9.0	false	None	None	false	None	None	unchanged
C4-adjacent-top	add2	1.5c	9.0	false	None	None	false	None	None	unchanged
C4-adjacent-top	seq	1.5c	9.0	false	None	None	false	None	None	unchanged
C5-adjacent-vertical	add	0.5c	1.0	valid	236.662240952	8	valid	236.662240952	8	same
C5-adjacent-vertical	add2	0.5c	1.0	valid	236.662240952	8	valid	236.662240952	8	same
C5-adjacent-vertical	seq	0.5c	1.0	valid	235.875367553	10	valid	235.875367553	10	same
C5-adjacent-vertical	add	c-1e-3	1.999	valid	227.045026384	8	valid	227.045026384	8	same
C5-adjacent-vertical	add2	c-1e-3	1.999	valid	227.045026384	8	valid	227.045026384	8	same
C5-adjacent-vertical	seq	c-1e-3	1.999	valid	224.186243363	10	valid	224.186243363	10	same
C5-adjacent-vertical	add	c-1e-4	1.9999	valid	227.033703548	8	valid	227.033703548	8	same
C5-adjacent-vertical	add2	c-1e-4	1.9999	valid	227.033703548	8	valid	227.033703548	8	same
C5-adjacent-vertical	seq	c-1e-4	1.9999	valid	224.172603252	10	valid	224.172603252	10	same
C5-adjacent-vertical	add	c-1e-8	1.99999999	valid	227.032445295	8	valid	227.032445295	8	same
C5-adjacent-vertical	add2	c-1e-8	1.99999999	valid	227.032445295	8	valid	227.032445295	8	same
C5-adjacent-vertical	seq	c-1e-8	1.99999999	valid	224.171087507	10	valid	224.171087507	10	same
C5-adjacent-vertical	add	c-1ulp	1.9999999999999998	valid	227.032445158	8	valid	227.032445158	8	same
C5-adjacent-vertical	add2	c-1ulp	1.9999999999999998	valid	227.032445158	8	valid	227.032445158	8	same
C5-adjacent-vertical	seq	c-1ulp	1.9999999999999998	valid	224.171087355	10	valid	224.171087355	10	same
C5-adjacent-vertical	add	c	2	valid	227.032445158	8	valid	227.032445158	8	same
C5-adjacent-vertical	add2	c	2	valid	227.032445158	8	valid	227.032445158	8	same
C5-adjacent-vertical	seq	c	2	valid	224.171087355	10	valid	224.171087355	10	same
C5-adjacent-vertical	add	c+1ulp	2.0000000000000004	valid	227.032445158	8	valid	227.032445158	8	same
C5-adjacent-vertical	add2	c+1ulp	2.0000000000000004	valid	227.032445158	8	valid	227.032445158	8	same
C5-adjacent-vertical	seq	c+1ulp	2.0000000000000004	valid	224.171087355	10	valid	224.171087355	10	same
C5-adjacent-vertical	add	c+1e-8	2.00000001	valid	227.032445043	8	valid	227.032445043	8	same
C5-adjacent-vertical	add2	c+1e-8	2.00000001	valid	227.032445043	8	valid	227.032445043	8	same
C5-adjacent-vertical	seq	c+1e-8	2.00000001	valid	224.171087203	10	valid	224.171087203	10	same
C5-adjacent-vertical	add	c+1e-4	2.0001	valid	227.031186733	8	valid	227.031186733	8	same
C5-adjacent-vertical	add2	c+1e-4	2.0001	valid	227.031186733	8	valid	227.031186733	8	same
C5-adjacent-vertical	seq	c+1e-4	2.0001	valid	224.169571393	10	valid	224.169571393	10	same
C5-adjacent-vertical	add	c+1e-3	2.001	valid	227.019858237	8	valid	227.019858237	8	same
C5-adjacent-vertical	add2	c+1e-3	2.001	valid	227.019858237	8	valid	227.019858237	8	same
C5-adjacent-vertical	seq	c+1e-3	2.001	valid	224.155924772	10	valid	224.155924772	10	same
C5-adjacent-vertical	add	1.5c	3.0	valid	211.685834686	8	valid	211.685834686	8	same
C5-adjacent-vertical	add2	1.5c	3.0	valid	211.685834686	8	valid	211.685834686	8	same
C5-adjacent-vertical	seq	1.5c	3.0	valid	205.891585118	10	valid	205.891585118	10	same
C5-adjacent-vertical	add	0.5c	1.5	valid	232.597896274	8	valid	232.597896274	8	same
C5-adjacent-vertical	add2	0.5c	1.5	valid	232.597896274	8	valid	232.597896274	8	same
C5-adjacent-vertical	seq	0.5c	1.5	valid	230.907906816	10	valid	230.907906816	10	same
C5-adjacent-vertical	add	c-1e-3	2.999	valid	211.703845361	8	valid	211.703845361	8	same
C5-adjacent-vertical	add2	c-1e-3	2.999	valid	211.703845361	8	valid	211.703845361	8	same
C5-adjacent-vertical	seq	c-1e-3	2.999	valid	205.912814637	10	valid	205.912814637	10	same
C5-adjacent-vertical	add	c-1e-4	2.9999	valid	211.687635988	8	valid	211.687635988	8	same
C5-adjacent-vertical	add2	c-1e-4	2.9999	valid	211.687635988	8	valid	211.687635988	8	same
C5-adjacent-vertical	seq	c-1e-4	2.9999	valid	205.89370832	10	valid	205.89370832	10	same
C5-adjacent-vertical	add	c-1e-8	2.99999999	valid	211.685834835	8	valid	211.685834835	8	same
C5-adjacent-vertical	add2	c-1e-8	2.99999999	valid	211.685834835	8	valid	211.685834835	8	same
C5-adjacent-vertical	seq	c-1e-8	2.99999999	valid	205.89158533	10	valid	205.89158533	10	same
C5-adjacent-vertical	add	c-1ulp	2.9999999999999996	valid	211.685834685	8	valid	211.685834685	8	same
C5-adjacent-vertical	add2	c-1ulp	2.9999999999999996	valid	211.685834685	8	valid	211.685834685	8	same
C5-adjacent-vertical	seq	c-1ulp	2.9999999999999996	valid	205.891585118	10	valid	205.891585118	10	same
C5-adjacent-vertical	add	c	3	valid	211.685834686	8	valid	211.685834686	8	same
C5-adjacent-vertical	add2	c	3	valid	211.685834686	8	valid	211.685834686	8	same
C5-adjacent-vertical	seq	c	3	valid	205.891585118	10	valid	205.891585118	10	same
C5-adjacent-vertical	add	c+1ulp	3.0000000000000004	valid	211.685834686	8	valid	211.685834686	8	same
C5-adjacent-vertical	add2	c+1ulp	3.0000000000000004	valid	211.685834686	8	valid	211.685834686	8	same
C5-adjacent-vertical	seq	c+1ulp	3.0000000000000004	valid	205.891585118	10	valid	205.891585118	10	same
C5-adjacent-vertical	add	c+1e-8	3.00000001	valid	211.685834505	8	valid	211.685834505	8	same
C5-adjacent-vertical	add2	c+1e-8	3.00000001	valid	211.685834505	8	valid	211.685834505	8	same
C5-adjacent-vertical	seq	c+1e-8	3.00000001	valid	205.891584905	10	valid	205.891584905	10	same
C5-adjacent-vertical	add	c+1e-4	3.0001	valid	211.684033301	8	valid	211.684033301	8	same
C5-adjacent-vertical	add2	c+1e-4	3.0001	valid	211.684033301	8	valid	211.684033301	8	same
C5-adjacent-vertical	seq	c+1e-4	3.0001	valid	205.889461859	10	valid	205.889461859	10	same
C5-adjacent-vertical	add	c+1e-3	3.001	valid	211.667818807	8	valid	211.667818807	8	same
C5-adjacent-vertical	add2	c+1e-3	3.001	valid	211.667818807	8	valid	211.667818807	8	same
C5-adjacent-vertical	seq	c+1e-3	3.001	valid	205.870350028	10	valid	205.870350028	10	same
C5-adjacent-vertical	add	1.5c	4.5	false	None	None	false	None	None	unchanged
C5-adjacent-vertical	add2	1.5c	4.5	false	None	None	false	None	None	unchanged
C5-adjacent-vertical	seq	1.5c	4.5	false	None	None	false	None	None	unchanged
C5-adjacent-vertical	add	0.5c	2.0	valid	227.032445158	8	valid	227.032445158	8	same
C5-adjacent-vertical	add2	0.5c	2.0	valid	227.032445158	8	valid	227.032445158	8	same
C5-adjacent-vertical	seq	0.5c	2.0	valid	224.171087355	10	valid	224.171087355	10	same
C5-adjacent-vertical	add	c-1e-3	3.999	valid	191.220496557	8	valid	191.220496557	8	same
C5-adjacent-vertical	add2	c-1e-3	3.999	valid	191.220496557	8	valid	191.220496557	8	same
C5-adjacent-vertical	seq	c-1e-3	3.999	valid	182.067585158	10	valid	182.067585158	10	same
C5-adjacent-vertical	add	c-1e-4	3.9999	valid	191.199918284	8	valid	191.199918284	8	same
C5-adjacent-vertical	add2	c-1e-4	3.9999	valid	191.199918284	8	valid	191.199918284	8	same
C5-adjacent-vertical	seq	c-1e-4	3.9999	valid	182.043916619	10	valid	182.043916619	10	same
C5-adjacent-vertical	add	c-1e-8	3.99999999	valid	191.19763181	8	valid	191.19763181	8	same
C5-adjacent-vertical	add2	c-1e-8	3.99999999	valid	191.19763181	8	valid	191.19763181	8	same
C5-adjacent-vertical	seq	c-1e-8	3.99999999	valid	182.04130884	11	valid	182.04130884	11	same
C5-adjacent-vertical	add	c-1ulp	3.9999999999999996	false	None	None	false	None	None	unchanged
C5-adjacent-vertical	add2	c-1ulp	3.9999999999999996	false	None	None	false	None	None	unchanged
C5-adjacent-vertical	seq	c-1ulp	3.9999999999999996	false	None	None	false	None	None	unchanged
C5-adjacent-vertical	add	c	4	false	None	None	false	None	None	unchanged
C5-adjacent-vertical	add2	c	4	false	None	None	false	None	None	unchanged
C5-adjacent-vertical	seq	c	4	false	None	None	false	None	None	unchanged
C5-adjacent-vertical	add	c+1ulp	4.000000000000001	false	None	None	false	None	None	unchanged
C5-adjacent-vertical	add2	c+1ulp	4.000000000000001	false	None	None	false	None	None	unchanged
C5-adjacent-vertical	seq	c+1ulp	4.000000000000001	false	None	None	false	None	None	unchanged
C5-adjacent-vertical	add	c+1e-8	4.00000001	false	None	None	false	None	None	unchanged
C5-adjacent-vertical	add2	c+1e-8	4.00000001	false	None	None	false	None	None	unchanged
C5-adjacent-vertical	seq	c+1e-8	4.00000001	false	None	None	false	None	None	unchanged
C5-adjacent-vertical	add	c+1e-4	4.0001	false	None	None	false	None	None	unchanged
C5-adjacent-vertical	add2	c+1e-4	4.0001	false	None	None	false	None	None	unchanged
C5-adjacent-vertical	seq	c+1e-4	4.0001	false	None	None	false	None	None	unchanged
C5-adjacent-vertical	add	c+1e-3	4.001	false	None	None	false	None	None	unchanged
C5-adjacent-vertical	add2	c+1e-3	4.001	false	None	None	false	None	None	unchanged
C5-adjacent-vertical	seq	c+1e-3	4.001	false	None	None	false	None	None	unchanged
C5-adjacent-vertical	add	1.5c	6.0	false	None	None	false	None	None	unchanged
C5-adjacent-vertical	add2	1.5c	6.0	false	None	None	false	None	None	unchanged
C5-adjacent-vertical	seq	1.5c	6.0	false	None	None	false	None	None	unchanged
C5-adjacent-vertical	add	0.5c	2.5	valid	220.037790368	8	valid	220.037790368	8	same
C5-adjacent-vertical	add2	0.5c	2.5	valid	220.037790368	8	valid	220.037790368	8	same
C5-adjacent-vertical	seq	0.5c	2.5	valid	215.790462384	10	valid	215.790462384	10	same
C5-adjacent-vertical	add	c-1e-3	4.999	false	None	None	false	None	None	unchanged
C5-adjacent-vertical	add2	c-1e-3	4.999	false	None	None	false	None	None	unchanged
C5-adjacent-vertical	seq	c-1e-3	4.999	false	None	None	false	None	None	unchanged
C5-adjacent-vertical	add	c-1e-4	4.9999	false	None	None	false	None	None	unchanged
C5-adjacent-vertical	add2	c-1e-4	4.9999	false	None	None	false	None	None	unchanged
C5-adjacent-vertical	seq	c-1e-4	4.9999	false	None	None	false	None	None	unchanged
C5-adjacent-vertical	add	c-1e-8	4.99999999	false	None	None	false	None	None	unchanged
C5-adjacent-vertical	add2	c-1e-8	4.99999999	false	None	None	false	None	None	unchanged
C5-adjacent-vertical	seq	c-1e-8	4.99999999	false	None	None	false	None	None	unchanged
C5-adjacent-vertical	add	c-1ulp	4.999999999999999	false	None	None	false	None	None	unchanged
C5-adjacent-vertical	add2	c-1ulp	4.999999999999999	false	None	None	false	None	None	unchanged
C5-adjacent-vertical	seq	c-1ulp	4.999999999999999	false	None	None	false	None	None	unchanged
C5-adjacent-vertical	add	c	5	false	None	None	false	None	None	unchanged
C5-adjacent-vertical	add2	c	5	false	None	None	false	None	None	unchanged
C5-adjacent-vertical	seq	c	5	false	None	None	false	None	None	unchanged
C5-adjacent-vertical	add	c+1ulp	5.000000000000001	false	None	None	false	None	None	unchanged
C5-adjacent-vertical	add2	c+1ulp	5.000000000000001	false	None	None	false	None	None	unchanged
C5-adjacent-vertical	seq	c+1ulp	5.000000000000001	false	None	None	false	None	None	unchanged
C5-adjacent-vertical	add	c+1e-8	5.00000001	false	None	None	false	None	None	unchanged
C5-adjacent-vertical	add2	c+1e-8	5.00000001	false	None	None	false	None	None	unchanged
C5-adjacent-vertical	seq	c+1e-8	5.00000001	false	None	None	false	None	None	unchanged
C5-adjacent-vertical	add	c+1e-4	5.0001	false	None	None	false	None	None	unchanged
C5-adjacent-vertical	add2	c+1e-4	5.0001	false	None	None	false	None	None	unchanged
C5-adjacent-vertical	seq	c+1e-4	5.0001	false	None	None	false	None	None	unchanged
C5-adjacent-vertical	add	c+1e-3	5.001	false	None	None	false	None	None	unchanged
C5-adjacent-vertical	add2	c+1e-3	5.001	false	None	None	false	None	None	unchanged
C5-adjacent-vertical	seq	c+1e-3	5.001	false	None	None	false	None	None	unchanged
C5-adjacent-vertical	add	1.5c	7.5	false	None	None	false	None	None	unchanged
C5-adjacent-vertical	add2	1.5c	7.5	false	None	None	false	None	None	unchanged
C5-adjacent-vertical	seq	1.5c	7.5	false	None	None	false	None	None	unchanged
C5-adjacent-vertical	add	0.5c	3.0	valid	211.685834686	8	valid	211.685834686	8	same
C5-adjacent-vertical	add2	0.5c	3.0	valid	211.685834686	8	valid	211.685834686	8	same
C5-adjacent-vertical	seq	0.5c	3.0	valid	205.891585118	10	valid	205.891585118	10	same
C5-adjacent-vertical	add	c-1e-3	5.999	false	None	None	false	None	None	unchanged
C5-adjacent-vertical	add2	c-1e-3	5.999	false	None	None	false	None	None	unchanged
C5-adjacent-vertical	seq	c-1e-3	5.999	false	None	None	false	None	None	unchanged
C5-adjacent-vertical	add	c-1e-4	5.9999	false	None	None	false	None	None	unchanged
C5-adjacent-vertical	add2	c-1e-4	5.9999	false	None	None	false	None	None	unchanged
C5-adjacent-vertical	seq	c-1e-4	5.9999	false	None	None	false	None	None	unchanged
C5-adjacent-vertical	add	c-1e-8	5.99999999	false	None	None	false	None	None	unchanged
C5-adjacent-vertical	add2	c-1e-8	5.99999999	false	None	None	false	None	None	unchanged
C5-adjacent-vertical	seq	c-1e-8	5.99999999	false	None	None	false	None	None	unchanged
C5-adjacent-vertical	add	c-1ulp	5.999999999999999	false	None	None	false	None	None	unchanged
C5-adjacent-vertical	add2	c-1ulp	5.999999999999999	false	None	None	false	None	None	unchanged
C5-adjacent-vertical	seq	c-1ulp	5.999999999999999	false	None	None	false	None	None	unchanged
C5-adjacent-vertical	add	c	6	false	None	None	false	None	None	unchanged
C5-adjacent-vertical	add2	c	6	false	None	None	false	None	None	unchanged
C5-adjacent-vertical	seq	c	6	false	None	None	false	None	None	unchanged
C5-adjacent-vertical	add	c+1ulp	6.000000000000001	false	None	None	false	None	None	unchanged
C5-adjacent-vertical	add2	c+1ulp	6.000000000000001	false	None	None	false	None	None	unchanged
C5-adjacent-vertical	seq	c+1ulp	6.000000000000001	false	None	None	false	None	None	unchanged
C5-adjacent-vertical	add	c+1e-8	6.00000001	false	None	None	false	None	None	unchanged
C5-adjacent-vertical	add2	c+1e-8	6.00000001	false	None	None	false	None	None	unchanged
C5-adjacent-vertical	seq	c+1e-8	6.00000001	false	None	None	false	None	None	unchanged
C5-adjacent-vertical	add	c+1e-4	6.0001	false	None	None	false	None	None	unchanged
C5-adjacent-vertical	add2	c+1e-4	6.0001	false	None	None	false	None	None	unchanged
C5-adjacent-vertical	seq	c+1e-4	6.0001	false	None	None	false	None	None	unchanged
C5-adjacent-vertical	add	c+1e-3	6.001	false	None	None	false	None	None	unchanged
C5-adjacent-vertical	add2	c+1e-3	6.001	false	None	None	false	None	None	unchanged
C5-adjacent-vertical	seq	c+1e-3	6.001	false	None	None	false	None	None	unchanged
C5-adjacent-vertical	add	1.5c	9.0	false	None	None	false	None	None	unchanged
C5-adjacent-vertical	add2	1.5c	9.0	false	None	None	false	None	None	unchanged
C5-adjacent-vertical	seq	1.5c	9.0	false	None	None	false	None	None	unchanged
C6-three-at-corner	add	0.5c	1.0	valid	235.875367553	10	valid	235.875367553	10	same
C6-three-at-corner	add2	0.5c	1.0	valid	235.875367553	10	valid	235.875367553	10	same
C6-three-at-corner	add	c-1e-3	1.999	valid	224.186243363	10	valid	224.186243363	10	same
C6-three-at-corner	add2	c-1e-3	1.999	valid	224.186243363	10	valid	224.186243363	10	same
C6-three-at-corner	add	c-1e-4	1.9999	valid	224.172603252	10	valid	224.172603252	10	same
C6-three-at-corner	add2	c-1e-4	1.9999	valid	224.172603252	10	valid	224.172603252	10	same
C6-three-at-corner	add	c-1e-8	1.99999999	valid	224.171087507	10	valid	224.171087507	10	same
C6-three-at-corner	add2	c-1e-8	1.99999999	valid	224.171087507	10	valid	224.171087507	10	same
C6-three-at-corner	add	c-1ulp	1.9999999999999998	valid	224.171087355	10	valid	224.171087355	10	same
C6-three-at-corner	add2	c-1ulp	1.9999999999999998	valid	224.171087355	10	valid	224.171087355	10	same
C6-three-at-corner	add	c	2	valid	224.171087355	10	valid	224.171087355	10	same
C6-three-at-corner	add2	c	2	valid	224.171087355	10	valid	224.171087355	10	same
C6-three-at-corner	add	c+1ulp	2.0000000000000004	valid	224.171087355	10	valid	224.171087355	10	same
C6-three-at-corner	add2	c+1ulp	2.0000000000000004	valid	224.171087355	10	valid	224.171087355	10	same
C6-three-at-corner	add	c+1e-8	2.00000001	valid	224.171087203	10	valid	224.171087203	10	same
C6-three-at-corner	add2	c+1e-8	2.00000001	valid	224.171087203	10	valid	224.171087203	10	same
C6-three-at-corner	add	c+1e-4	2.0001	valid	224.169571393	10	valid	224.169571393	10	same
C6-three-at-corner	add2	c+1e-4	2.0001	valid	224.169571393	10	valid	224.169571393	10	same
C6-three-at-corner	add	c+1e-3	2.001	valid	224.155924772	10	valid	224.155924772	10	same
C6-three-at-corner	add2	c+1e-3	2.001	valid	224.155924772	10	valid	224.155924772	10	same
C6-three-at-corner	add	1.5c	3.0	valid	205.891585118	10	valid	205.891585118	10	same
C6-three-at-corner	add2	1.5c	3.0	valid	205.891585118	10	valid	205.891585118	10	same
C6-three-at-corner	add	0.5c	1.5	valid	230.907906816	10	valid	230.907906816	10	same
C6-three-at-corner	add2	0.5c	1.5	valid	230.907906816	10	valid	230.907906816	10	same
C6-three-at-corner	add	c-1e-3	2.999	valid	205.912814637	10	valid	205.912814637	10	same
C6-three-at-corner	add2	c-1e-3	2.999	valid	205.912814637	10	valid	205.912814637	10	same
C6-three-at-corner	add	c-1e-4	2.9999	valid	205.89370832	10	valid	205.89370832	10	same
C6-three-at-corner	add2	c-1e-4	2.9999	valid	205.89370832	10	valid	205.89370832	10	same
C6-three-at-corner	add	c-1e-8	2.99999999	valid	205.89158533	10	valid	205.89158533	10	same
C6-three-at-corner	add2	c-1e-8	2.99999999	valid	205.89158533	10	valid	205.89158533	10	same
C6-three-at-corner	add	c-1ulp	2.9999999999999996	valid	205.891585118	10	valid	205.891585118	10	same
C6-three-at-corner	add2	c-1ulp	2.9999999999999996	valid	205.891585118	10	valid	205.891585118	10	same
C6-three-at-corner	add	c	3	valid	205.891585118	10	valid	205.891585118	10	same
C6-three-at-corner	add2	c	3	valid	205.891585118	10	valid	205.891585118	10	same
C6-three-at-corner	add	c+1ulp	3.0000000000000004	valid	205.891585118	10	valid	205.891585118	10	same
C6-three-at-corner	add2	c+1ulp	3.0000000000000004	valid	205.891585118	10	valid	205.891585118	10	same
C6-three-at-corner	add	c+1e-8	3.00000001	valid	205.891584905	10	valid	205.891584905	10	same
C6-three-at-corner	add2	c+1e-8	3.00000001	valid	205.891584905	10	valid	205.891584905	10	same
C6-three-at-corner	add	c+1e-4	3.0001	valid	205.889461859	10	valid	205.889461859	10	same
C6-three-at-corner	add2	c+1e-4	3.0001	valid	205.889461859	10	valid	205.889461859	10	same
C6-three-at-corner	add	c+1e-3	3.001	valid	205.870350028	10	valid	205.870350028	10	same
C6-three-at-corner	add2	c+1e-3	3.001	valid	205.870350028	10	valid	205.870350028	10	same
C6-three-at-corner	add	1.5c	4.5	false	None	None	false	None	None	unchanged
C6-three-at-corner	add2	1.5c	4.5	false	None	None	false	None	None	unchanged
C6-three-at-corner	add	0.5c	2.0	valid	224.171087355	10	valid	224.171087355	10	same
C6-three-at-corner	add2	0.5c	2.0	valid	224.171087355	10	valid	224.171087355	10	same
C6-three-at-corner	add	c-1e-3	3.999	valid	182.067585158	10	valid	182.067585158	10	same
C6-three-at-corner	add2	c-1e-3	3.999	valid	182.067585158	10	valid	182.067585158	10	same
C6-three-at-corner	add	c-1e-4	3.9999	valid	182.043916619	10	valid	182.043916619	10	same
C6-three-at-corner	add2	c-1e-4	3.9999	valid	182.043916619	10	valid	182.043916619	10	same
C6-three-at-corner	add	c-1e-8	3.99999999	valid	182.041286816	10	valid	182.041286816	10	same
C6-three-at-corner	add2	c-1e-8	3.99999999	valid	182.041286816	10	valid	182.041286816	10	same
C6-three-at-corner	add	c-1ulp	3.9999999999999996	false	None	None	false	None	None	unchanged
C6-three-at-corner	add2	c-1ulp	3.9999999999999996	false	None	None	false	None	None	unchanged
C6-three-at-corner	add	c	4	false	None	None	false	None	None	unchanged
C6-three-at-corner	add2	c	4	false	None	None	false	None	None	unchanged
C6-three-at-corner	add	c+1ulp	4.000000000000001	false	None	None	false	None	None	unchanged
C6-three-at-corner	add2	c+1ulp	4.000000000000001	false	None	None	false	None	None	unchanged
C6-three-at-corner	add	c+1e-8	4.00000001	false	None	None	false	None	None	unchanged
C6-three-at-corner	add2	c+1e-8	4.00000001	false	None	None	false	None	None	unchanged
C6-three-at-corner	add	c+1e-4	4.0001	false	None	None	false	None	None	unchanged
C6-three-at-corner	add2	c+1e-4	4.0001	false	None	None	false	None	None	unchanged
C6-three-at-corner	add	c+1e-3	4.001	false	None	None	false	None	None	unchanged
C6-three-at-corner	add2	c+1e-3	4.001	false	None	None	false	None	None	unchanged
C6-three-at-corner	add	1.5c	6.0	false	None	None	false	None	None	unchanged
C6-three-at-corner	add2	1.5c	6.0	false	None	None	false	None	None	unchanged
C6-three-at-corner	add	0.5c	2.5	valid	215.790462384	10	valid	215.790462384	10	same
C6-three-at-corner	add2	0.5c	2.5	valid	215.790462384	10	valid	215.790462384	10	same
C6-three-at-corner	add	c-1e-3	4.999	false	None	None	false	None	None	unchanged
C6-three-at-corner	add2	c-1e-3	4.999	false	None	None	false	None	None	unchanged
C6-three-at-corner	add	c-1e-4	4.9999	false	None	None	false	None	None	unchanged
C6-three-at-corner	add2	c-1e-4	4.9999	false	None	None	false	None	None	unchanged
C6-three-at-corner	add	c-1e-8	4.99999999	false	None	None	false	None	None	unchanged
C6-three-at-corner	add2	c-1e-8	4.99999999	false	None	None	false	None	None	unchanged
C6-three-at-corner	add	c-1ulp	4.999999999999999	false	None	None	false	None	None	unchanged
C6-three-at-corner	add2	c-1ulp	4.999999999999999	false	None	None	false	None	None	unchanged
C6-three-at-corner	add	c	5	false	None	None	false	None	None	unchanged
C6-three-at-corner	add2	c	5	false	None	None	false	None	None	unchanged
C6-three-at-corner	add	c+1ulp	5.000000000000001	false	None	None	false	None	None	unchanged
C6-three-at-corner	add2	c+1ulp	5.000000000000001	false	None	None	false	None	None	unchanged
C6-three-at-corner	add	c+1e-8	5.00000001	false	None	None	false	None	None	unchanged
C6-three-at-corner	add2	c+1e-8	5.00000001	false	None	None	false	None	None	unchanged
C6-three-at-corner	add	c+1e-4	5.0001	false	None	None	false	None	None	unchanged
C6-three-at-corner	add2	c+1e-4	5.0001	false	None	None	false	None	None	unchanged
C6-three-at-corner	add	c+1e-3	5.001	false	None	None	false	None	None	unchanged
C6-three-at-corner	add2	c+1e-3	5.001	false	None	None	false	None	None	unchanged
C6-three-at-corner	add	1.5c	7.5	false	None	None	false	None	None	unchanged
C6-three-at-corner	add2	1.5c	7.5	false	None	None	false	None	None	unchanged
C6-three-at-corner	add	0.5c	3.0	valid	205.891585118	10	valid	205.891585118	10	same
C6-three-at-corner	add2	0.5c	3.0	valid	205.891585118	10	valid	205.891585118	10	same
C6-three-at-corner	add	c-1e-3	5.999	false	None	None	false	None	None	unchanged
C6-three-at-corner	add2	c-1e-3	5.999	false	None	None	false	None	None	unchanged
C6-three-at-corner	add	c-1e-4	5.9999	false	None	None	false	None	None	unchanged
C6-three-at-corner	add2	c-1e-4	5.9999	false	None	None	false	None	None	unchanged
C6-three-at-corner	add	c-1e-8	5.99999999	false	None	None	false	None	None	unchanged
C6-three-at-corner	add2	c-1e-8	5.99999999	false	None	None	false	None	None	unchanged
C6-three-at-corner	add	c-1ulp	5.999999999999999	false	None	None	false	None	None	unchanged
C6-three-at-corner	add2	c-1ulp	5.999999999999999	false	None	None	false	None	None	unchanged
C6-three-at-corner	add	c	6	false	None	None	false	None	None	unchanged
C6-three-at-corner	add2	c	6	false	None	None	false	None	None	unchanged
C6-three-at-corner	add	c+1ulp	6.000000000000001	false	None	None	false	None	None	unchanged
C6-three-at-corner	add2	c+1ulp	6.000000000000001	false	None	None	false	None	None	unchanged
C6-three-at-corner	add	c+1e-8	6.00000001	false	None	None	false	None	None	unchanged
C6-three-at-corner	add2	c+1e-8	6.00000001	false	None	None	false	None	None	unchanged
C6-three-at-corner	add	c+1e-4	6.0001	false	None	None	false	None	None	unchanged
C6-three-at-corner	add2	c+1e-4	6.0001	false	None	None	false	None	None	unchanged
C6-three-at-corner	add	c+1e-3	6.001	false	None	None	false	None	None	unchanged
C6-three-at-corner	add2	c+1e-3	6.001	false	None	None	false	None	None	unchanged
C6-three-at-corner	add	1.5c	9.0	false	None	None	false	None	None	unchanged
C6-three-at-corner	add2	1.5c	9.0	false	None	None	false	None	None	unchanged
C7-top-frame	add	0.5c	1.0	valid	234.374629926	10	valid	234.374629926	10	same
C7-top-frame	add2	0.5c	1.0	valid	234.374629926	10	valid	234.374629926	10	same
C7-top-frame	add	c-1e-3	1.999	valid	219.051875054	10	valid	219.051875054	10	same
C7-top-frame	add2	c-1e-3	1.999	valid	219.051875054	10	valid	219.051875054	10	same
C7-top-frame	add	c-1e-4	1.9999	valid	219.034388459	10	valid	219.034388459	10	same
C7-top-frame	add2	c-1e-4	1.9999	valid	219.034388459	10	valid	219.034388459	10	same
C7-top-frame	add	c-1e-8	1.99999999	valid	219.032445316	10	valid	219.032445316	10	same
C7-top-frame	add2	c-1e-8	1.99999999	valid	219.032445316	10	valid	219.032445316	10	same
C7-top-frame	add	c-1ulp	1.9999999999999998	false	None	None	false	None	None	unchanged
C7-top-frame	add2	c-1ulp	1.9999999999999998	false	None	None	false	None	None	unchanged
C7-top-frame	add	c	2	false	None	None	false	None	None	unchanged
C7-top-frame	add2	c	2	false	None	None	false	None	None	unchanged
C7-top-frame	add	c+1ulp	2.0000000000000004	false	None	None	false	None	None	unchanged
C7-top-frame	add2	c+1ulp	2.0000000000000004	false	None	None	false	None	None	unchanged
C7-top-frame	add	c+1e-8	2.00000001	INVALID	264.099111872	11	INVALID	264.099111872	11	unchanged
C7-top-frame	add2	c+1e-8	2.00000001	INVALID	264.099111872	11	INVALID	264.099111872	11	unchanged
C7-top-frame	add	c+1e-4	2.0001	false	None	None	false	None	None	unchanged
C7-top-frame	add2	c+1e-4	2.0001	false	None	None	false	None	None	unchanged
C7-top-frame	add	c+1e-3	2.001	false	None	None	false	None	None	unchanged
C7-top-frame	add2	c+1e-3	2.001	false	None	None	false	None	None	unchanged
C7-top-frame	add	1.5c	3.0	INVALID	225.654253602	12	INVALID	225.654253602	12	unchanged
C7-top-frame	add2	1.5c	3.0	INVALID	225.654253602	12	INVALID	225.654253602	12	unchanged
C7-top-frame	add	0.5c	1.5	valid	227.774333862	10	valid	227.774333862	10	same
C7-top-frame	add2	0.5c	1.5	valid	227.774333862	10	valid	227.774333862	10	same
C7-top-frame	add	c-1e-3	2.999	INVALID	2.23992321541951e+28	12	INVALID	2.23992321541951e+28	12	unchanged
C7-top-frame	add2	c-1e-3	2.999	INVALID	2.23992321541951e+28	12	INVALID	2.23992321541951e+28	12	unchanged
C7-top-frame	add	c-1e-4	2.9999	INVALID	225.656654502	12	INVALID	225.656654502	12	unchanged
C7-top-frame	add2	c-1e-4	2.9999	INVALID	225.656654502	12	INVALID	225.656654502	12	unchanged
C7-top-frame	add	c-1e-8	2.99999999	INVALID	225.65425381	12	INVALID	225.65425381	12	unchanged
C7-top-frame	add2	c-1e-8	2.99999999	INVALID	225.65425381	12	INVALID	225.65425381	12	unchanged
C7-top-frame	add	c-1ulp	2.9999999999999996	INVALID	225.654253602	12	INVALID	225.654253602	12	unchanged
C7-top-frame	add2	c-1ulp	2.9999999999999996	INVALID	225.654253602	12	INVALID	225.654253602	12	unchanged
C7-top-frame	add	c	3	INVALID	225.654253602	12	INVALID	225.654253602	12	unchanged
C7-top-frame	add2	c	3	INVALID	225.654253602	12	INVALID	225.654253602	12	unchanged
C7-top-frame	add	c+1ulp	3.0000000000000004	INVALID	225.654253601	12	INVALID	225.654253601	12	unchanged
C7-top-frame	add2	c+1ulp	3.0000000000000004	INVALID	225.654253601	12	INVALID	225.654253601	12	unchanged
C7-top-frame	add	c+1e-8	3.00000001	INVALID	225.654253361	12	INVALID	225.654253361	12	unchanged
C7-top-frame	add2	c+1e-8	3.00000001	INVALID	225.654253361	12	INVALID	225.654253361	12	unchanged
C7-top-frame	add	c+1e-4	3.0001	INVALID	-1.3031476602642464e+26	12	INVALID	-1.3031476602642464e+26	12	unchanged
C7-top-frame	add2	c+1e-4	3.0001	INVALID	-1.3031476602642464e+26	12	INVALID	-1.3031476602642464e+26	12	unchanged
C7-top-frame	add	c+1e-3	3.001	INVALID	225.630240708	12	INVALID	225.630240708	12	unchanged
C7-top-frame	add2	c+1e-3	3.001	INVALID	225.630240708	12	INVALID	225.630240708	12	unchanged
C7-top-frame	add	1.5c	4.5	false	None	None	false	None	None	unchanged
C7-top-frame	add2	1.5c	4.5	false	None	None	false	None	None	unchanged
C7-top-frame	add	0.5c	2.5	INVALID	236.740866286	12	INVALID	236.740866286	12	unchanged
C7-top-frame	add2	0.5c	2.5	INVALID	236.740866286	12	INVALID	236.740866286	12	unchanged
C7-top-frame	add	c-1e-3	4.999	false	None	None	false	None	None	unchanged
C7-top-frame	add2	c-1e-3	4.999	false	None	None	false	None	None	unchanged
C7-top-frame	add	c-1e-4	4.9999	false	None	None	false	None	None	unchanged
C7-top-frame	add2	c-1e-4	4.9999	false	None	None	false	None	None	unchanged
C7-top-frame	add	c-1e-8	4.99999999	false	None	None	false	None	None	unchanged
C7-top-frame	add2	c-1e-8	4.99999999	false	None	None	false	None	None	unchanged
C7-top-frame	add	c-1ulp	4.999999999999999	false	None	None	false	None	None	unchanged
C7-top-frame	add2	c-1ulp	4.999999999999999	false	None	None	false	None	None	unchanged
C7-top-frame	add	c	5	false	None	None	false	None	None	unchanged
C7-top-frame	add2	c	5	false	None	None	false	None	None	unchanged
C7-top-frame	add	c+1ulp	5.000000000000001	false	None	None	false	None	None	unchanged
C7-top-frame	add2	c+1ulp	5.000000000000001	false	None	None	false	None	None	unchanged
C7-top-frame	add	c+1e-8	5.00000001	false	None	None	false	None	None	unchanged
C7-top-frame	add2	c+1e-8	5.00000001	false	None	None	false	None	None	unchanged
C7-top-frame	add	c+1e-4	5.0001	false	None	None	false	None	None	unchanged
C7-top-frame	add2	c+1e-4	5.0001	false	None	None	false	None	None	unchanged
C7-top-frame	add	c+1e-3	5.001	false	None	None	false	None	None	unchanged
C7-top-frame	add2	c+1e-3	5.001	false	None	None	false	None	None	unchanged
C7-top-frame	add	1.5c	7.5	false	None	None	false	None	None	unchanged
C7-top-frame	add2	1.5c	7.5	false	None	None	false	None	None	unchanged
C8-all-12-edges	add	0.5c	1.0	valid	224.171087355	26	valid	224.171087355	26	same
C8-all-12-edges	add2	0.5c	1.0	valid	224.171087355	26	valid	224.171087355	26	same
C8-all-12-edges	add	c-1e-3	1.999	valid	182.093879195	26	valid	182.093879195	26	same
C8-all-12-edges	add2	c-1e-3	1.999	valid	182.093879195	26	valid	182.093879195	26	same
C8-all-12-edges	add	c-1e-4	1.9999	valid	182.046546639	26	valid	182.046546639	26	same
C8-all-12-edges	add2	c-1e-4	1.9999	valid	182.046546639	26	valid	182.046546639	26	same
C8-all-12-edges	add	c-1e-8	1.99999999	valid	182.041287079	26	valid	182.041287079	26	same
C8-all-12-edges	add2	c-1e-8	1.99999999	valid	182.041287079	26	valid	182.041287079	26	same
C8-all-12-edges	add	c-1ulp	1.9999999999999998	false	None	None	false	None	None	unchanged
C8-all-12-edges	add2	c-1ulp	1.9999999999999998	false	None	None	false	None	None	unchanged
C8-all-12-edges	add	c	2	false	None	None	false	None	None	unchanged
C8-all-12-edges	add2	c	2	false	None	None	false	None	None	unchanged
C8-all-12-edges	add	c+1ulp	2.0000000000000004	false	None	None	false	None	None	unchanged
C8-all-12-edges	add2	c+1ulp	2.0000000000000004	false	None	None	false	None	None	unchanged
C8-all-12-edges	add	c+1e-8	2.00000001	false	None	None	false	None	None	unchanged
C8-all-12-edges	add2	c+1e-8	2.00000001	false	None	None	false	None	None	unchanged
C8-all-12-edges	add	c+1e-4	2.0001	INVALID	269.058578028	26	INVALID	269.058578028	26	unchanged
C8-all-12-edges	add2	c+1e-4	2.0001	INVALID	269.058578028	26	INVALID	269.058578028	26	unchanged
C8-all-12-edges	add	c+1e-3	2.001	INVALID	269.019578701	26	INVALID	269.019578701	26	unchanged
C8-all-12-edges	add2	c+1e-3	2.001	INVALID	269.019578701	26	INVALID	269.019578701	26	unchanged
C8-all-12-edges	add	1.5c	3.0	false	None	None	false	None	None	unchanged
C8-all-12-edges	add2	1.5c	3.0	false	None	None	false	None	None	unchanged
C8-all-12-edges	add	0.5c	1.5	valid	205.891585118	26	valid	205.891585118	26	same
C8-all-12-edges	add2	0.5c	1.5	valid	205.891585118	26	valid	205.891585118	26	same
C8-all-12-edges	add	c-1e-3	2.999	INVALID	302.484824356	26	INVALID	302.484824356	26	unchanged
C8-all-12-edges	add2	c-1e-3	2.999	INVALID	302.484824356	26	INVALID	302.484824356	26	unchanged
C8-all-12-edges	add	c-1e-4	2.9999	INVALID	302.441682719	26	INVALID	302.441682719	26	unchanged
C8-all-12-edges	add2	c-1e-4	2.9999	INVALID	302.441682719	26	INVALID	302.441682719	26	unchanged
C8-all-12-edges	add	c-1e-8	2.99999999	INVALID	302.436889739	26	INVALID	302.436889739	26	unchanged
C8-all-12-edges	add2	c-1e-8	2.99999999	INVALID	302.436889739	26	INVALID	302.436889739	26	unchanged
C8-all-12-edges	add	c-1ulp	2.9999999999999996	false	None	None	false	None	None	unchanged
C8-all-12-edges	add2	c-1ulp	2.9999999999999996	false	None	None	false	None	None	unchanged
C8-all-12-edges	add	c	3	false	None	None	false	None	None	unchanged
C8-all-12-edges	add2	c	3	false	None	None	false	None	None	unchanged
C8-all-12-edges	add	c+1ulp	3.0000000000000004	false	None	None	false	None	None	unchanged
C8-all-12-edges	add2	c+1ulp	3.0000000000000004	false	None	None	false	None	None	unchanged
C8-all-12-edges	add	c+1e-8	3.00000001	false	None	None	false	None	None	unchanged
C8-all-12-edges	add2	c+1e-8	3.00000001	false	None	None	false	None	None	unchanged
C8-all-12-edges	add	c+1e-4	3.0001	INVALID	324.241577944	26	INVALID	324.241577944	26	unchanged
C8-all-12-edges	add2	c+1e-4	3.0001	INVALID	324.241577944	26	INVALID	324.241577944	26	unchanged
C8-all-12-edges	add	c+1e-3	3.001	INVALID	320.572167857	26	INVALID	320.572167857	26	unchanged
C8-all-12-edges	add2	c+1e-3	3.001	INVALID	320.572167857	26	INVALID	320.572167857	26	unchanged
C8-all-12-edges	add	1.5c	4.5	false	None	None	false	None	None	unchanged
C8-all-12-edges	add2	1.5c	4.5	false	None	None	false	None	None	unchanged
C9-cube-opposite	add	0.5c	1.0	valid	62.283185307	8	valid	62.283185307	8	same
C9-cube-opposite	add2	0.5c	1.0	valid	62.283185307	8	valid	62.283185307	8	same
C9-cube-opposite	seq	0.5c	1.0	valid	62.283185307	8	valid	62.283185307	8	same
C9-cube-opposite	add	c-1e-3	1.999	valid	57.139606771	8	valid	57.139606771	8	same
C9-cube-opposite	add2	c-1e-3	1.999	valid	57.139606771	8	valid	57.139606771	8	same
C9-cube-opposite	seq	c-1e-3	1.999	valid	57.139606771	8	valid	57.139606771	8	same
C9-cube-opposite	add	c-1e-4	1.9999	valid	57.133427937	8	valid	57.133427937	8	same
C9-cube-opposite	add2	c-1e-4	1.9999	valid	57.133427937	8	valid	57.133427937	8	same
C9-cube-opposite	seq	c-1e-4	1.9999	valid	57.133427937	8	valid	57.133427937	8	same
C9-cube-opposite	add	c-1e-8	1.99999999	valid	57.132741297	8	valid	57.132741297	8	same
C9-cube-opposite	add2	c-1e-8	1.99999999	valid	57.132741297	8	valid	57.132741297	8	same
C9-cube-opposite	seq	c-1e-8	1.99999999	valid	57.132741297	8	valid	57.132741297	8	same
C9-cube-opposite	add	c-1ulp	1.9999999999999998	false	None	None	valid	57.132741229	7	newly-valid
C9-cube-opposite	add2	c-1ulp	1.9999999999999998	false	None	None	valid	57.132741229	7	newly-valid
C9-cube-opposite	seq	c-1ulp	1.9999999999999998	false	None	None	false	None	None	unchanged
C9-cube-opposite	add	c	2	false	None	None	valid	57.132741229	7	newly-valid
C9-cube-opposite	add2	c	2	false	None	None	valid	57.132741229	7	newly-valid
C9-cube-opposite	seq	c	2	false	None	None	false	None	None	unchanged
C9-cube-opposite	add	c+1ulp	2.0000000000000004	false	None	None	false	None	None	unchanged
C9-cube-opposite	add2	c+1ulp	2.0000000000000004	false	None	None	false	None	None	unchanged
C9-cube-opposite	seq	c+1ulp	2.0000000000000004	false	None	None	false	None	None	unchanged
C9-cube-opposite	add	c+1e-8	2.00000001	false	None	None	false	None	None	unchanged
C9-cube-opposite	add2	c+1e-8	2.00000001	false	None	None	false	None	None	unchanged
C9-cube-opposite	seq	c+1e-8	2.00000001	false	None	None	false	None	None	unchanged
C9-cube-opposite	add	c+1e-4	2.0001	false	None	None	false	None	None	unchanged
C9-cube-opposite	add2	c+1e-4	2.0001	false	None	None	false	None	None	unchanged
C9-cube-opposite	seq	c+1e-4	2.0001	false	None	None	false	None	None	unchanged
C9-cube-opposite	add	c+1e-3	2.001	false	None	None	false	None	None	unchanged
C9-cube-opposite	add2	c+1e-3	2.001	false	None	None	false	None	None	unchanged
C9-cube-opposite	seq	c+1e-3	2.001	false	None	None	false	None	None	unchanged
C9-cube-opposite	add	1.5c	3.0	false	None	None	false	None	None	unchanged
C9-cube-opposite	add2	1.5c	3.0	false	None	None	false	None	None	unchanged
C9-cube-opposite	seq	1.5c	3.0	false	None	None	false	None	None	unchanged
C10-cube-top-frame	add	0.5c	1.0	valid	60.949851968	10	valid	60.949851968	10	same
C10-cube-top-frame	add2	0.5c	1.0	valid	60.949851968	10	valid	60.949851968	10	same
C10-cube-top-frame	seq	0.5c	1.0	valid	57.80235837	18	valid	57.80235837	18	same
C10-cube-top-frame	add	c-1e-3	1.999	valid	53.342464906	10	valid	53.342464906	10	same
C10-cube-top-frame	add2	c-1e-3	1.999	valid	53.342464906	10	valid	53.342464906	10	same
C10-cube-top-frame	seq	c-1e-3	1.999	valid	41.907332827	18	valid	41.907332827	18	same
C10-cube-top-frame	add	c-1e-4	1.9999	valid	53.334246566	10	valid	53.334246566	10	same
C10-cube-top-frame	add2	c-1e-4	1.9999	valid	53.334246566	10	valid	53.334246566	10	same
C10-cube-top-frame	seq	c-1e-4	1.9999	valid	41.889845382	18	valid	41.889845382	18	same
C10-cube-top-frame	add	c-1e-8	1.99999999	valid	53.33333339	10	valid	53.33333339	10	same
C10-cube-top-frame	add2	c-1e-8	1.99999999	valid	53.33333339	10	valid	53.33333339	10	same
C10-cube-top-frame	seq	c-1e-8	1.99999999	valid	41.887902242	18	valid	41.887902242	18	same
C10-cube-top-frame	add	c-1ulp	1.9999999999999998	false	None	None	false	None	None	unchanged
C10-cube-top-frame	add2	c-1ulp	1.9999999999999998	false	None	None	false	None	None	unchanged
C10-cube-top-frame	seq	c-1ulp	1.9999999999999998	false	None	None	false	None	None	unchanged
C10-cube-top-frame	add	c	2	false	None	None	false	None	None	unchanged
C10-cube-top-frame	add2	c	2	false	None	None	false	None	None	unchanged
C10-cube-top-frame	seq	c	2	false	None	None	false	None	None	unchanged
C10-cube-top-frame	add	c+1ulp	2.0000000000000004	false	None	None	false	None	None	unchanged
C10-cube-top-frame	add2	c+1ulp	2.0000000000000004	false	None	None	false	None	None	unchanged
C10-cube-top-frame	seq	c+1ulp	2.0000000000000004	false	None	None	false	None	None	unchanged
C10-cube-top-frame	add	c+1e-8	2.00000001	INVALID	65.185185267	10	INVALID	65.185185267	10	unchanged
C10-cube-top-frame	add2	c+1e-8	2.00000001	INVALID	65.185185267	10	INVALID	65.185185267	10	unchanged
C10-cube-top-frame	seq	c+1e-8	2.00000001	false	None	None	false	None	None	unchanged
C10-cube-top-frame	add	c+1e-4	2.0001	false	None	None	false	None	None	unchanged
C10-cube-top-frame	add2	c+1e-4	2.0001	false	None	None	false	None	None	unchanged
C10-cube-top-frame	seq	c+1e-4	2.0001	false	None	None	false	None	None	unchanged
C10-cube-top-frame	add	c+1e-3	2.001	false	None	None	false	None	None	unchanged
C10-cube-top-frame	add2	c+1e-3	2.001	false	None	None	false	None	None	unchanged
C10-cube-top-frame	seq	c+1e-3	2.001	false	None	None	false	None	None	unchanged
C10-cube-top-frame	add	1.5c	3.0	INVALID	50.987873498	12	INVALID	50.987873498	12	unchanged
C10-cube-top-frame	add2	1.5c	3.0	INVALID	50.987873498	12	INVALID	50.987873498	12	unchanged
C10-cube-top-frame	seq	1.5c	3.0	false	None	None	false	None	None	unchanged
