radius	edge	status	valid	free	volume	faces	mesh
1.5	1	done	1	0	100302.878435662	20	1
1.5	2	done	1	0	100302.878435663	20	1
1.5	3	done	1	0	100258.455687057	20	1
1.5	4	done	1	0	100258.456023914	20	1
1.5	5	done	1	0	100302.880880007	20	1
1.5	6	done	1	0	100269.274287757	20	1
1.5	7	done	1	0	100269.274624613	20	1
1.5	8	done	1	0	100302.880880008	20	1
1.5	9	done	1	0	100269.274287758	20	1
1.5	10	done	1	0	100269.274624614	20	1
1.5	11	done	1	0	100258.458131402	20	1
1.5	12	notdone					
1.5	13	notdone					
1.5	14	notdone					
1.5	15	notdone					
1.5	16	notdone					
1.5	17	notdone					
1.5	18	notdone					
1.5	19	notdone					
1.5	20	done	1	0	100258.458468259	20	1
1.5	21	exception					
1.5	22	exception					
1.5	23	exception					
1.5	24	exception					
1.5	25	exception					
1.5	26	exception					
1.5	27	exception					
1.5	28	exception					
1.5	29	exception					
1.5	30	exception					
1.5	31	exception					
1.5	32	exception					
1.5	33	exception					
1.5	34	exception					
1.5	35	exception					
1.5	36	exception					
1.5	37	exception					
1.5	38	exception					
1.5	39	exception					
1.5	40	exception					
1.5	41	exception					
1.5	42	exception					
