box	radius	edges	outcome	obstacle_lines
20x20x20	1.0	(0, 1)	done	
20x20x20	1.0	(0, 2)	done	
20x20x20	1.0	(0, 3)	done	
20x20x20	1.0	(0, 4)	done	
20x20x20	1.0	(0, 5)	done	
20x20x20	1.0	(0, 6)	done	
20x20x20	1.0	(0, 7)	done	
20x20x20	1.0	(0, 8)	done	
20x20x20	1.0	(0, 9)	done	
20x20x20	1.0	(0, 10)	done	
20x20x20	1.0	(0, 11)	done	
20x20x20	1.0	(1, 0)	done	
20x20x20	1.0	(1, 2)	done	
20x20x20	1.0	(1, 3)	done	
20x20x20	1.0	(1, 4)	done	
20x20x20	1.0	(1, 5)	done	
20x20x20	1.0	(1, 6)	done	
20x20x20	1.0	(1, 7)	done	
20x20x20	1.0	(1, 8)	done	
20x20x20	1.0	(1, 9)	done	
20x20x20	1.0	(1, 10)	done	
20x20x20	1.0	(1, 11)	done	
20x20x20	1.0	(2, 0)	done	
20x20x20	1.0	(2, 1)	done	
20x20x20	1.0	(2, 3)	done	
20x20x20	1.0	(2, 4)	done	
20x20x20	1.0	(2, 5)	done	
20x20x20	1.0	(2, 6)	done	
20x20x20	1.0	(2, 7)	done	
20x20x20	1.0	(2, 8)	done	
20x20x20	1.0	(2, 9)	done	
20x20x20	1.0	(2, 10)	done	
20x20x20	1.0	(2, 11)	done	
20x20x20	1.0	(3, 0)	done	
20x20x20	1.0	(3, 1)	done	
20x20x20	1.0	(3, 2)	done	
20x20x20	1.0	(3, 4)	done	
20x20x20	1.0	(3, 5)	done	
20x20x20	1.0	(3, 6)	done	
20x20x20	1.0	(3, 7)	done	
20x20x20	1.0	(3, 8)	done	
20x20x20	1.0	(3, 9)	done	
20x20x20	1.0	(3, 10)	done	
20x20x20	1.0	(3, 11)	done	
20x20x20	1.0	(4, 0)	done	
20x20x20	1.0	(4, 1)	done	
20x20x20	1.0	(4, 2)	done	
20x20x20	1.0	(4, 3)	done	
20x20x20	1.0	(4, 5)	done	
20x20x20	1.0	(4, 6)	done	
20x20x20	1.0	(4, 7)	done	
20x20x20	1.0	(4, 8)	done	
20x20x20	1.0	(4, 9)	done	
20x20x20	1.0	(4, 10)	done	
20x20x20	1.0	(4, 11)	done	
20x20x20	1.0	(5, 0)	done	
20x20x20	1.0	(5, 1)	done	
20x20x20	1.0	(5, 2)	done	
20x20x20	1.0	(5, 3)	done	
20x20x20	1.0	(5, 4)	done	
20x20x20	1.0	(5, 6)	done	
20x20x20	1.0	(5, 7)	done	
20x20x20	1.0	(5, 8)	done	
20x20x20	1.0	(5, 9)	done	
20x20x20	1.0	(5, 10)	done	
20x20x20	1.0	(5, 11)	done	
20x20x20	1.0	(6, 0)	done	
20x20x20	1.0	(6, 1)	done	
20x20x20	1.0	(6, 2)	done	
20x20x20	1.0	(6, 3)	done	
20x20x20	1.0	(6, 4)	done	
20x20x20	1.0	(6, 5)	done	
20x20x20	1.0	(6, 7)	done	
20x20x20	1.0	(6, 8)	done	
20x20x20	1.0	(6, 9)	done	
20x20x20	1.0	(6, 10)	done	
20x20x20	1.0	(6, 11)	done	
20x20x20	1.0	(7, 0)	done	
20x20x20	1.0	(7, 1)	done	
20x20x20	1.0	(7, 2)	done	
20x20x20	1.0	(7, 3)	done	
20x20x20	1.0	(7, 4)	done	
20x20x20	1.0	(7, 5)	done	
20x20x20	1.0	(7, 6)	done	
20x20x20	1.0	(7, 8)	done	
20x20x20	1.0	(7, 9)	done	
20x20x20	1.0	(7, 10)	done	
20x20x20	1.0	(7, 11)	done	
20x20x20	1.0	(8, 0)	done	
20x20x20	1.0	(8, 1)	done	
20x20x20	1.0	(8, 2)	done	
20x20x20	1.0	(8, 3)	done	
20x20x20	1.0	(8, 4)	done	
20x20x20	1.0	(8, 5)	done	
20x20x20	1.0	(8, 6)	done	
20x20x20	1.0	(8, 7)	done	
20x20x20	1.0	(8, 9)	done	
20x20x20	1.0	(8, 10)	done	
20x20x20	1.0	(8, 11)	done	
20x20x20	1.0	(9, 0)	done	
20x20x20	1.0	(9, 1)	done	
20x20x20	1.0	(9, 2)	done	
20x20x20	1.0	(9, 3)	done	
20x20x20	1.0	(9, 4)	done	
20x20x20	1.0	(9, 5)	done	
20x20x20	1.0	(9, 6)	done	
20x20x20	1.0	(9, 7)	done	
20x20x20	1.0	(9, 8)	done	
20x20x20	1.0	(9, 10)	done	
20x20x20	1.0	(9, 11)	done	
20x20x20	1.0	(10, 0)	done	
20x20x20	1.0	(10, 1)	done	
20x20x20	1.0	(10, 2)	done	
20x20x20	1.0	(10, 3)	done	
20x20x20	1.0	(10, 4)	done	
20x20x20	1.0	(10, 5)	done	
20x20x20	1.0	(10, 6)	done	
20x20x20	1.0	(10, 7)	done	
20x20x20	1.0	(10, 8)	done	
20x20x20	1.0	(10, 9)	done	
20x20x20	1.0	(10, 11)	done	
20x20x20	1.0	(11, 0)	done	
20x20x20	1.0	(11, 1)	done	
20x20x20	1.0	(11, 2)	done	
20x20x20	1.0	(11, 3)	done	
20x20x20	1.0	(11, 4)	done	
20x20x20	1.0	(11, 5)	done	
20x20x20	1.0	(11, 6)	done	
20x20x20	1.0	(11, 7)	done	
20x20x20	1.0	(11, 8)	done	
20x20x20	1.0	(11, 9)	done	
20x20x20	1.0	(11, 10)	done	
20x20x20	1.5	(0, 1)	done	
20x20x20	1.5	(0, 2)	done	
20x20x20	1.5	(0, 3)	done	
20x20x20	1.5	(0, 4)	done	
20x20x20	1.5	(0, 5)	done	
20x20x20	1.5	(0, 6)	done	
20x20x20	1.5	(0, 7)	done	
20x20x20	1.5	(0, 8)	done	
20x20x20	1.5	(0, 9)	done	
20x20x20	1.5	(0, 10)	done	
20x20x20	1.5	(0, 11)	done	
20x20x20	1.5	(1, 0)	done	
20x20x20	1.5	(1, 2)	done	
20x20x20	1.5	(1, 3)	done	
20x20x20	1.5	(1, 4)	done	
20x20x20	1.5	(1, 5)	done	
20x20x20	1.5	(1, 6)	done	
20x20x20	1.5	(1, 7)	done	
20x20x20	1.5	(1, 8)	done	
20x20x20	1.5	(1, 9)	done	
20x20x20	1.5	(1, 10)	done	
20x20x20	1.5	(1, 11)	done	
20x20x20	1.5	(2, 0)	done	
20x20x20	1.5	(2, 1)	done	
20x20x20	1.5	(2, 3)	done	
20x20x20	1.5	(2, 4)	done	
20x20x20	1.5	(2, 5)	done	
20x20x20	1.5	(2, 6)	done	
20x20x20	1.5	(2, 7)	done	
20x20x20	1.5	(2, 8)	done	
20x20x20	1.5	(2, 9)	done	
20x20x20	1.5	(2, 10)	done	
20x20x20	1.5	(2, 11)	done	
20x20x20	1.5	(3, 0)	done	
20x20x20	1.5	(3, 1)	done	
20x20x20	1.5	(3, 2)	done	
20x20x20	1.5	(3, 4)	done	
20x20x20	1.5	(3, 5)	done	
20x20x20	1.5	(3, 6)	done	
20x20x20	1.5	(3, 7)	done	
20x20x20	1.5	(3, 8)	done	
20x20x20	1.5	(3, 9)	done	
20x20x20	1.5	(3, 10)	done	
20x20x20	1.5	(3, 11)	done	
20x20x20	1.5	(4, 0)	done	
20x20x20	1.5	(4, 1)	done	
20x20x20	1.5	(4, 2)	done	
20x20x20	1.5	(4, 3)	done	
20x20x20	1.5	(4, 5)	done	
20x20x20	1.5	(4, 6)	done	
20x20x20	1.5	(4, 7)	done	
20x20x20	1.5	(4, 8)	done	
20x20x20	1.5	(4, 9)	done	
20x20x20	1.5	(4, 10)	done	
20x20x20	1.5	(4, 11)	done	
20x20x20	1.5	(5, 0)	done	
20x20x20	1.5	(5, 1)	done	
20x20x20	1.5	(5, 2)	done	
20x20x20	1.5	(5, 3)	done	
20x20x20	1.5	(5, 4)	done	
20x20x20	1.5	(5, 6)	done	
20x20x20	1.5	(5, 7)	done	
20x20x20	1.5	(5, 8)	done	
20x20x20	1.5	(5, 9)	done	
20x20x20	1.5	(5, 10)	done	
20x20x20	1.5	(5, 11)	done	
20x20x20	1.5	(6, 0)	done	
20x20x20	1.5	(6, 1)	done	
20x20x20	1.5	(6, 2)	done	
20x20x20	1.5	(6, 3)	done	
20x20x20	1.5	(6, 4)	done	
20x20x20	1.5	(6, 5)	done	
20x20x20	1.5	(6, 7)	done	
20x20x20	1.5	(6, 8)	done	
20x20x20	1.5	(6, 9)	done	
20x20x20	1.5	(6, 10)	done	
20x20x20	1.5	(6, 11)	done	
20x20x20	1.5	(7, 0)	done	
20x20x20	1.5	(7, 1)	done	
20x20x20	1.5	(7, 2)	done	
20x20x20	1.5	(7, 3)	done	
20x20x20	1.5	(7, 4)	done	
20x20x20	1.5	(7, 5)	done	
20x20x20	1.5	(7, 6)	done	
20x20x20	1.5	(7, 8)	done	
20x20x20	1.5	(7, 9)	done	
20x20x20	1.5	(7, 10)	done	
20x20x20	1.5	(7, 11)	done	
20x20x20	1.5	(8, 0)	done	
20x20x20	1.5	(8, 1)	done	
20x20x20	1.5	(8, 2)	done	
20x20x20	1.5	(8, 3)	done	
20x20x20	1.5	(8, 4)	done	
20x20x20	1.5	(8, 5)	done	
20x20x20	1.5	(8, 6)	done	
20x20x20	1.5	(8, 7)	done	
20x20x20	1.5	(8, 9)	done	
20x20x20	1.5	(8, 10)	done	
20x20x20	1.5	(8, 11)	done	
20x20x20	1.5	(9, 0)	done	
20x20x20	1.5	(9, 1)	done	
20x20x20	1.5	(9, 2)	done	
20x20x20	1.5	(9, 3)	done	
20x20x20	1.5	(9, 4)	done	
20x20x20	1.5	(9, 5)	done	
20x20x20	1.5	(9, 6)	done	
20x20x20	1.5	(9, 7)	done	
20x20x20	1.5	(9, 8)	done	
20x20x20	1.5	(9, 10)	done	
20x20x20	1.5	(9, 11)	done	
20x20x20	1.5	(10, 0)	done	
20x20x20	1.5	(10, 1)	done	
20x20x20	1.5	(10, 2)	done	
20x20x20	1.5	(10, 3)	done	
20x20x20	1.5	(10, 4)	done	
20x20x20	1.5	(10, 5)	done	
20x20x20	1.5	(10, 6)	done	
20x20x20	1.5	(10, 7)	done	
20x20x20	1.5	(10, 8)	done	
20x20x20	1.5	(10, 9)	done	
20x20x20	1.5	(10, 11)	done	
20x20x20	1.5	(11, 0)	done	
20x20x20	1.5	(11, 1)	done	
20x20x20	1.5	(11, 2)	done	
20x20x20	1.5	(11, 3)	done	
20x20x20	1.5	(11, 4)	done	
20x20x20	1.5	(11, 5)	done	
20x20x20	1.5	(11, 6)	done	
20x20x20	1.5	(11, 7)	done	
20x20x20	1.5	(11, 8)	done	
20x20x20	1.5	(11, 9)	done	
20x20x20	1.5	(11, 10)	done	
20x20x20	3.0	(0, 1)	done	
20x20x20	3.0	(0, 2)	done	
20x20x20	3.0	(0, 3)	done	
20x20x20	3.0	(0, 4)	done	
20x20x20	3.0	(0, 5)	done	
20x20x20	3.0	(0, 6)	done	
20x20x20	3.0	(0, 7)	done	
20x20x20	3.0	(0, 8)	done	
20x20x20	3.0	(0, 9)	done	
20x20x20	3.0	(0, 10)	done	
20x20x20	3.0	(0, 11)	done	
20x20x20	3.0	(1, 0)	done	
20x20x20	3.0	(1, 2)	done	
20x20x20	3.0	(1, 3)	done	
20x20x20	3.0	(1, 4)	done	
20x20x20	3.0	(1, 5)	done	
20x20x20	3.0	(1, 6)	done	
20x20x20	3.0	(1, 7)	done	
20x20x20	3.0	(1, 8)	done	
20x20x20	3.0	(1, 9)	done	
20x20x20	3.0	(1, 10)	done	
20x20x20	3.0	(1, 11)	done	
20x20x20	3.0	(2, 0)	done	
20x20x20	3.0	(2, 1)	done	
20x20x20	3.0	(2, 3)	done	
20x20x20	3.0	(2, 4)	done	
20x20x20	3.0	(2, 5)	done	
20x20x20	3.0	(2, 6)	done	
20x20x20	3.0	(2, 7)	done	
20x20x20	3.0	(2, 8)	done	
20x20x20	3.0	(2, 9)	done	
20x20x20	3.0	(2, 10)	done	
20x20x20	3.0	(2, 11)	done	
20x20x20	3.0	(3, 0)	done	
20x20x20	3.0	(3, 1)	done	
20x20x20	3.0	(3, 2)	done	
20x20x20	3.0	(3, 4)	done	
20x20x20	3.0	(3, 5)	done	
20x20x20	3.0	(3, 6)	done	
20x20x20	3.0	(3, 7)	done	
20x20x20	3.0	(3, 8)	done	
20x20x20	3.0	(3, 9)	done	
20x20x20	3.0	(3, 10)	done	
20x20x20	3.0	(3, 11)	done	
20x20x20	3.0	(4, 0)	done	
20x20x20	3.0	(4, 1)	done	
20x20x20	3.0	(4, 2)	done	
20x20x20	3.0	(4, 3)	done	
20x20x20	3.0	(4, 5)	done	
20x20x20	3.0	(4, 6)	done	
20x20x20	3.0	(4, 7)	done	
20x20x20	3.0	(4, 8)	done	
20x20x20	3.0	(4, 9)	done	
20x20x20	3.0	(4, 10)	done	
20x20x20	3.0	(4, 11)	done	
20x20x20	3.0	(5, 0)	done	
20x20x20	3.0	(5, 1)	done	
20x20x20	3.0	(5, 2)	done	
20x20x20	3.0	(5, 3)	done	
20x20x20	3.0	(5, 4)	done	
20x20x20	3.0	(5, 6)	done	
20x20x20	3.0	(5, 7)	done	
20x20x20	3.0	(5, 8)	done	
20x20x20	3.0	(5, 9)	done	
20x20x20	3.0	(5, 10)	done	
20x20x20	3.0	(5, 11)	done	
20x20x20	3.0	(6, 0)	done	
20x20x20	3.0	(6, 1)	done	
20x20x20	3.0	(6, 2)	done	
20x20x20	3.0	(6, 3)	done	
20x20x20	3.0	(6, 4)	done	
20x20x20	3.0	(6, 5)	done	
20x20x20	3.0	(6, 7)	done	
20x20x20	3.0	(6, 8)	done	
20x20x20	3.0	(6, 9)	done	
20x20x20	3.0	(6, 10)	done	
20x20x20	3.0	(6, 11)	done	
20x20x20	3.0	(7, 0)	done	
20x20x20	3.0	(7, 1)	done	
20x20x20	3.0	(7, 2)	done	
20x20x20	3.0	(7, 3)	done	
20x20x20	3.0	(7, 4)	done	
20x20x20	3.0	(7, 5)	done	
20x20x20	3.0	(7, 6)	done	
20x20x20	3.0	(7, 8)	done	
20x20x20	3.0	(7, 9)	done	
20x20x20	3.0	(7, 10)	done	
20x20x20	3.0	(7, 11)	done	
20x20x20	3.0	(8, 0)	done	
20x20x20	3.0	(8, 1)	done	
20x20x20	3.0	(8, 2)	done	
20x20x20	3.0	(8, 3)	done	
20x20x20	3.0	(8, 4)	done	
20x20x20	3.0	(8, 5)	done	
20x20x20	3.0	(8, 6)	done	
20x20x20	3.0	(8, 7)	done	
20x20x20	3.0	(8, 9)	done	
20x20x20	3.0	(8, 10)	done	
20x20x20	3.0	(8, 11)	done	
20x20x20	3.0	(9, 0)	done	
20x20x20	3.0	(9, 1)	done	
20x20x20	3.0	(9, 2)	done	
20x20x20	3.0	(9, 3)	done	
20x20x20	3.0	(9, 4)	done	
20x20x20	3.0	(9, 5)	done	
20x20x20	3.0	(9, 6)	done	
20x20x20	3.0	(9, 7)	done	
20x20x20	3.0	(9, 8)	done	
20x20x20	3.0	(9, 10)	done	
20x20x20	3.0	(9, 11)	done	
20x20x20	3.0	(10, 0)	done	
20x20x20	3.0	(10, 1)	done	
20x20x20	3.0	(10, 2)	done	
20x20x20	3.0	(10, 3)	done	
20x20x20	3.0	(10, 4)	done	
20x20x20	3.0	(10, 5)	done	
20x20x20	3.0	(10, 6)	done	
20x20x20	3.0	(10, 7)	done	
20x20x20	3.0	(10, 8)	done	
20x20x20	3.0	(10, 9)	done	
20x20x20	3.0	(10, 11)	done	
20x20x20	3.0	(11, 0)	done	
20x20x20	3.0	(11, 1)	done	
20x20x20	3.0	(11, 2)	done	
20x20x20	3.0	(11, 3)	done	
20x20x20	3.0	(11, 4)	done	
20x20x20	3.0	(11, 5)	done	
20x20x20	3.0	(11, 6)	done	
20x20x20	3.0	(11, 7)	done	
20x20x20	3.0	(11, 8)	done	
20x20x20	3.0	(11, 9)	done	
20x20x20	3.0	(11, 10)	done	
30x20x12	1.0	(0, 1)	done	
30x20x12	1.0	(0, 2)	done	
30x20x12	1.0	(0, 3)	done	
30x20x12	1.0	(0, 4)	done	
30x20x12	1.0	(0, 5)	done	
30x20x12	1.0	(0, 6)	done	
30x20x12	1.0	(0, 7)	done	
30x20x12	1.0	(0, 8)	done	
30x20x12	1.0	(0, 9)	done	
30x20x12	1.0	(0, 10)	done	
30x20x12	1.0	(0, 11)	done	
30x20x12	1.0	(1, 0)	done	
30x20x12	1.0	(1, 2)	done	
30x20x12	1.0	(1, 3)	done	
30x20x12	1.0	(1, 4)	done	
30x20x12	1.0	(1, 5)	done	
30x20x12	1.0	(1, 6)	done	
30x20x12	1.0	(1, 7)	done	
30x20x12	1.0	(1, 8)	done	
30x20x12	1.0	(1, 9)	done	
30x20x12	1.0	(1, 10)	done	
30x20x12	1.0	(1, 11)	done	
30x20x12	1.0	(2, 0)	done	
30x20x12	1.0	(2, 1)	done	
30x20x12	1.0	(2, 3)	done	
30x20x12	1.0	(2, 4)	done	
30x20x12	1.0	(2, 5)	done	
30x20x12	1.0	(2, 6)	done	
30x20x12	1.0	(2, 7)	done	
30x20x12	1.0	(2, 8)	done	
30x20x12	1.0	(2, 9)	done	
30x20x12	1.0	(2, 10)	done	
30x20x12	1.0	(2, 11)	done	
30x20x12	1.0	(3, 0)	done	
30x20x12	1.0	(3, 1)	done	
30x20x12	1.0	(3, 2)	done	
30x20x12	1.0	(3, 4)	done	
30x20x12	1.0	(3, 5)	done	
30x20x12	1.0	(3, 6)	done	
30x20x12	1.0	(3, 7)	done	
30x20x12	1.0	(3, 8)	done	
30x20x12	1.0	(3, 9)	done	
30x20x12	1.0	(3, 10)	done	
30x20x12	1.0	(3, 11)	done	
30x20x12	1.0	(4, 0)	done	
30x20x12	1.0	(4, 1)	done	
30x20x12	1.0	(4, 2)	done	
30x20x12	1.0	(4, 3)	done	
30x20x12	1.0	(4, 5)	done	
30x20x12	1.0	(4, 6)	done	
30x20x12	1.0	(4, 7)	done	
30x20x12	1.0	(4, 8)	done	
30x20x12	1.0	(4, 9)	done	
30x20x12	1.0	(4, 10)	done	
30x20x12	1.0	(4, 11)	done	
30x20x12	1.0	(5, 0)	done	
30x20x12	1.0	(5, 1)	done	
30x20x12	1.0	(5, 2)	done	
30x20x12	1.0	(5, 3)	done	
30x20x12	1.0	(5, 4)	done	
30x20x12	1.0	(5, 6)	done	
30x20x12	1.0	(5, 7)	done	
30x20x12	1.0	(5, 8)	done	
30x20x12	1.0	(5, 9)	done	
30x20x12	1.0	(5, 10)	done	
30x20x12	1.0	(5, 11)	done	
30x20x12	1.0	(6, 0)	done	
30x20x12	1.0	(6, 1)	done	
30x20x12	1.0	(6, 2)	done	
30x20x12	1.0	(6, 3)	done	
30x20x12	1.0	(6, 4)	done	
30x20x12	1.0	(6, 5)	done	
30x20x12	1.0	(6, 7)	done	
30x20x12	1.0	(6, 8)	done	
30x20x12	1.0	(6, 9)	done	
30x20x12	1.0	(6, 10)	done	
30x20x12	1.0	(6, 11)	done	
30x20x12	1.0	(7, 0)	done	
30x20x12	1.0	(7, 1)	done	
30x20x12	1.0	(7, 2)	done	
30x20x12	1.0	(7, 3)	done	
30x20x12	1.0	(7, 4)	done	
30x20x12	1.0	(7, 5)	done	
30x20x12	1.0	(7, 6)	done	
30x20x12	1.0	(7, 8)	done	
30x20x12	1.0	(7, 9)	done	
30x20x12	1.0	(7, 10)	done	
30x20x12	1.0	(7, 11)	done	
30x20x12	1.0	(8, 0)	done	
30x20x12	1.0	(8, 1)	done	
30x20x12	1.0	(8, 2)	done	
30x20x12	1.0	(8, 3)	done	
30x20x12	1.0	(8, 4)	done	
30x20x12	1.0	(8, 5)	done	
30x20x12	1.0	(8, 6)	done	
30x20x12	1.0	(8, 7)	done	
30x20x12	1.0	(8, 9)	done	
30x20x12	1.0	(8, 10)	done	
30x20x12	1.0	(8, 11)	done	
30x20x12	1.0	(9, 0)	done	
30x20x12	1.0	(9, 1)	done	
30x20x12	1.0	(9, 2)	done	
30x20x12	1.0	(9, 3)	done	
30x20x12	1.0	(9, 4)	done	
30x20x12	1.0	(9, 5)	done	
30x20x12	1.0	(9, 6)	done	
30x20x12	1.0	(9, 7)	done	
30x20x12	1.0	(9, 8)	done	
30x20x12	1.0	(9, 10)	done	
30x20x12	1.0	(9, 11)	done	
30x20x12	1.0	(10, 0)	done	
30x20x12	1.0	(10, 1)	done	
30x20x12	1.0	(10, 2)	done	
30x20x12	1.0	(10, 3)	done	
30x20x12	1.0	(10, 4)	done	
30x20x12	1.0	(10, 5)	done	
30x20x12	1.0	(10, 6)	done	
30x20x12	1.0	(10, 7)	done	
30x20x12	1.0	(10, 8)	done	
30x20x12	1.0	(10, 9)	done	
30x20x12	1.0	(10, 11)	done	
30x20x12	1.0	(11, 0)	done	
30x20x12	1.0	(11, 1)	done	
30x20x12	1.0	(11, 2)	done	
30x20x12	1.0	(11, 3)	done	
30x20x12	1.0	(11, 4)	done	
30x20x12	1.0	(11, 5)	done	
30x20x12	1.0	(11, 6)	done	
30x20x12	1.0	(11, 7)	done	
30x20x12	1.0	(11, 8)	done	
30x20x12	1.0	(11, 9)	done	
30x20x12	1.0	(11, 10)	done	
30x20x12	1.5	(0, 1)	done	
30x20x12	1.5	(0, 2)	done	
30x20x12	1.5	(0, 3)	done	
30x20x12	1.5	(0, 4)	done	
30x20x12	1.5	(0, 5)	done	
30x20x12	1.5	(0, 6)	done	
30x20x12	1.5	(0, 7)	done	
30x20x12	1.5	(0, 8)	done	
30x20x12	1.5	(0, 9)	done	
30x20x12	1.5	(0, 10)	done	
30x20x12	1.5	(0, 11)	done	
30x20x12	1.5	(1, 0)	done	
30x20x12	1.5	(1, 2)	done	
30x20x12	1.5	(1, 3)	done	
30x20x12	1.5	(1, 4)	done	
30x20x12	1.5	(1, 5)	done	
30x20x12	1.5	(1, 6)	done	
30x20x12	1.5	(1, 7)	done	
30x20x12	1.5	(1, 8)	done	
30x20x12	1.5	(1, 9)	done	
30x20x12	1.5	(1, 10)	done	
30x20x12	1.5	(1, 11)	done	
30x20x12	1.5	(2, 0)	done	
30x20x12	1.5	(2, 1)	done	
30x20x12	1.5	(2, 3)	done	
30x20x12	1.5	(2, 4)	done	
30x20x12	1.5	(2, 5)	done	
30x20x12	1.5	(2, 6)	done	
30x20x12	1.5	(2, 7)	done	
30x20x12	1.5	(2, 8)	done	
30x20x12	1.5	(2, 9)	done	
30x20x12	1.5	(2, 10)	done	
30x20x12	1.5	(2, 11)	done	
30x20x12	1.5	(3, 0)	done	
30x20x12	1.5	(3, 1)	done	
30x20x12	1.5	(3, 2)	done	
30x20x12	1.5	(3, 4)	done	
30x20x12	1.5	(3, 5)	done	
30x20x12	1.5	(3, 6)	done	
30x20x12	1.5	(3, 7)	done	
30x20x12	1.5	(3, 8)	done	
30x20x12	1.5	(3, 9)	done	
30x20x12	1.5	(3, 10)	done	
30x20x12	1.5	(3, 11)	done	
30x20x12	1.5	(4, 0)	done	
30x20x12	1.5	(4, 1)	done	
30x20x12	1.5	(4, 2)	done	
30x20x12	1.5	(4, 3)	done	
30x20x12	1.5	(4, 5)	done	
30x20x12	1.5	(4, 6)	done	
30x20x12	1.5	(4, 7)	done	
30x20x12	1.5	(4, 8)	done	
30x20x12	1.5	(4, 9)	done	
30x20x12	1.5	(4, 10)	done	
30x20x12	1.5	(4, 11)	done	
30x20x12	1.5	(5, 0)	done	
30x20x12	1.5	(5, 1)	done	
30x20x12	1.5	(5, 2)	done	
30x20x12	1.5	(5, 3)	done	
30x20x12	1.5	(5, 4)	done	
30x20x12	1.5	(5, 6)	done	
30x20x12	1.5	(5, 7)	done	
30x20x12	1.5	(5, 8)	done	
30x20x12	1.5	(5, 9)	done	
30x20x12	1.5	(5, 10)	done	
30x20x12	1.5	(5, 11)	done	
30x20x12	1.5	(6, 0)	done	
30x20x12	1.5	(6, 1)	done	
30x20x12	1.5	(6, 2)	done	
30x20x12	1.5	(6, 3)	done	
30x20x12	1.5	(6, 4)	done	
30x20x12	1.5	(6, 5)	done	
30x20x12	1.5	(6, 7)	done	
30x20x12	1.5	(6, 8)	done	
30x20x12	1.5	(6, 9)	done	
30x20x12	1.5	(6, 10)	done	
30x20x12	1.5	(6, 11)	done	
30x20x12	1.5	(7, 0)	done	
30x20x12	1.5	(7, 1)	done	
30x20x12	1.5	(7, 2)	done	
30x20x12	1.5	(7, 3)	done	
30x20x12	1.5	(7, 4)	done	
30x20x12	1.5	(7, 5)	done	
30x20x12	1.5	(7, 6)	done	
30x20x12	1.5	(7, 8)	done	
30x20x12	1.5	(7, 9)	done	
30x20x12	1.5	(7, 10)	done	
30x20x12	1.5	(7, 11)	done	
30x20x12	1.5	(8, 0)	done	
30x20x12	1.5	(8, 1)	done	
30x20x12	1.5	(8, 2)	done	
30x20x12	1.5	(8, 3)	done	
30x20x12	1.5	(8, 4)	done	
30x20x12	1.5	(8, 5)	done	
30x20x12	1.5	(8, 6)	done	
30x20x12	1.5	(8, 7)	done	
30x20x12	1.5	(8, 9)	done	
30x20x12	1.5	(8, 10)	done	
30x20x12	1.5	(8, 11)	done	
30x20x12	1.5	(9, 0)	done	
30x20x12	1.5	(9, 1)	done	
30x20x12	1.5	(9, 2)	done	
30x20x12	1.5	(9, 3)	done	
30x20x12	1.5	(9, 4)	done	
30x20x12	1.5	(9, 5)	done	
30x20x12	1.5	(9, 6)	done	
30x20x12	1.5	(9, 7)	done	
30x20x12	1.5	(9, 8)	done	
30x20x12	1.5	(9, 10)	done	
30x20x12	1.5	(9, 11)	done	
30x20x12	1.5	(10, 0)	done	
30x20x12	1.5	(10, 1)	done	
30x20x12	1.5	(10, 2)	done	
30x20x12	1.5	(10, 3)	done	
30x20x12	1.5	(10, 4)	done	
30x20x12	1.5	(10, 5)	done	
30x20x12	1.5	(10, 6)	done	
30x20x12	1.5	(10, 7)	done	
30x20x12	1.5	(10, 8)	done	
30x20x12	1.5	(10, 9)	done	
30x20x12	1.5	(10, 11)	done	
30x20x12	1.5	(11, 0)	done	
30x20x12	1.5	(11, 1)	done	
30x20x12	1.5	(11, 2)	done	
30x20x12	1.5	(11, 3)	done	
30x20x12	1.5	(11, 4)	done	
30x20x12	1.5	(11, 5)	done	
30x20x12	1.5	(11, 6)	done	
30x20x12	1.5	(11, 7)	done	
30x20x12	1.5	(11, 8)	done	
30x20x12	1.5	(11, 9)	done	
30x20x12	1.5	(11, 10)	done	
30x20x12	3.0	(0, 1)	done	
30x20x12	3.0	(0, 2)	done	
30x20x12	3.0	(0, 3)	done	
30x20x12	3.0	(0, 4)	done	
30x20x12	3.0	(0, 5)	done	
30x20x12	3.0	(0, 6)	done	
30x20x12	3.0	(0, 7)	done	
30x20x12	3.0	(0, 8)	done	
30x20x12	3.0	(0, 9)	done	
30x20x12	3.0	(0, 10)	done	
30x20x12	3.0	(0, 11)	done	
30x20x12	3.0	(1, 0)	done	
30x20x12	3.0	(1, 2)	done	
30x20x12	3.0	(1, 3)	done	
30x20x12	3.0	(1, 4)	done	
30x20x12	3.0	(1, 5)	done	
30x20x12	3.0	(1, 6)	done	
30x20x12	3.0	(1, 7)	done	
30x20x12	3.0	(1, 8)	done	
30x20x12	3.0	(1, 9)	done	
30x20x12	3.0	(1, 10)	done	
30x20x12	3.0	(1, 11)	done	
30x20x12	3.0	(2, 0)	done	
30x20x12	3.0	(2, 1)	done	
30x20x12	3.0	(2, 3)	done	
30x20x12	3.0	(2, 4)	done	
30x20x12	3.0	(2, 5)	done	
30x20x12	3.0	(2, 6)	done	
30x20x12	3.0	(2, 7)	done	
30x20x12	3.0	(2, 8)	done	
30x20x12	3.0	(2, 9)	done	
30x20x12	3.0	(2, 10)	done	
30x20x12	3.0	(2, 11)	done	
30x20x12	3.0	(3, 0)	done	
30x20x12	3.0	(3, 1)	done	
30x20x12	3.0	(3, 2)	done	
30x20x12	3.0	(3, 4)	done	
30x20x12	3.0	(3, 5)	done	
30x20x12	3.0	(3, 6)	done	
30x20x12	3.0	(3, 7)	done	
30x20x12	3.0	(3, 8)	done	
30x20x12	3.0	(3, 9)	done	
30x20x12	3.0	(3, 10)	done	
30x20x12	3.0	(3, 11)	done	
30x20x12	3.0	(4, 0)	done	
30x20x12	3.0	(4, 1)	done	
30x20x12	3.0	(4, 2)	done	
30x20x12	3.0	(4, 3)	done	
30x20x12	3.0	(4, 5)	done	
30x20x12	3.0	(4, 6)	done	
30x20x12	3.0	(4, 7)	done	
30x20x12	3.0	(4, 8)	done	
30x20x12	3.0	(4, 9)	done	
30x20x12	3.0	(4, 10)	done	
30x20x12	3.0	(4, 11)	done	
30x20x12	3.0	(5, 0)	done	
30x20x12	3.0	(5, 1)	done	
30x20x12	3.0	(5, 2)	done	
30x20x12	3.0	(5, 3)	done	
30x20x12	3.0	(5, 4)	done	
30x20x12	3.0	(5, 6)	done	
30x20x12	3.0	(5, 7)	done	
30x20x12	3.0	(5, 8)	done	
30x20x12	3.0	(5, 9)	done	
30x20x12	3.0	(5, 10)	done	
30x20x12	3.0	(5, 11)	done	
30x20x12	3.0	(6, 0)	done	
30x20x12	3.0	(6, 1)	done	
30x20x12	3.0	(6, 2)	done	
30x20x12	3.0	(6, 3)	done	
30x20x12	3.0	(6, 4)	done	
30x20x12	3.0	(6, 5)	done	
30x20x12	3.0	(6, 7)	done	
30x20x12	3.0	(6, 8)	done	
30x20x12	3.0	(6, 9)	done	
30x20x12	3.0	(6, 10)	done	
30x20x12	3.0	(6, 11)	done	
30x20x12	3.0	(7, 0)	done	
30x20x12	3.0	(7, 1)	done	
30x20x12	3.0	(7, 2)	done	
30x20x12	3.0	(7, 3)	done	
30x20x12	3.0	(7, 4)	done	
30x20x12	3.0	(7, 5)	done	
30x20x12	3.0	(7, 6)	done	
30x20x12	3.0	(7, 8)	done	
30x20x12	3.0	(7, 9)	done	
30x20x12	3.0	(7, 10)	done	
30x20x12	3.0	(7, 11)	done	
30x20x12	3.0	(8, 0)	done	
30x20x12	3.0	(8, 1)	done	
30x20x12	3.0	(8, 2)	done	
30x20x12	3.0	(8, 3)	done	
30x20x12	3.0	(8, 4)	done	
30x20x12	3.0	(8, 5)	done	
30x20x12	3.0	(8, 6)	done	
30x20x12	3.0	(8, 7)	done	
30x20x12	3.0	(8, 9)	done	
30x20x12	3.0	(8, 10)	done	
30x20x12	3.0	(8, 11)	done	
30x20x12	3.0	(9, 0)	done	
30x20x12	3.0	(9, 1)	done	
30x20x12	3.0	(9, 2)	done	
30x20x12	3.0	(9, 3)	done	
30x20x12	3.0	(9, 4)	done	
30x20x12	3.0	(9, 5)	done	
30x20x12	3.0	(9, 6)	done	
30x20x12	3.0	(9, 7)	done	
30x20x12	3.0	(9, 8)	done	
30x20x12	3.0	(9, 10)	done	
30x20x12	3.0	(9, 11)	done	
30x20x12	3.0	(10, 0)	done	
30x20x12	3.0	(10, 1)	done	
30x20x12	3.0	(10, 2)	done	
30x20x12	3.0	(10, 3)	done	
30x20x12	3.0	(10, 4)	done	
30x20x12	3.0	(10, 5)	done	
30x20x12	3.0	(10, 6)	done	
30x20x12	3.0	(10, 7)	done	
30x20x12	3.0	(10, 8)	done	
30x20x12	3.0	(10, 9)	done	
30x20x12	3.0	(10, 11)	done	
30x20x12	3.0	(11, 0)	done	
30x20x12	3.0	(11, 1)	done	
30x20x12	3.0	(11, 2)	done	
30x20x12	3.0	(11, 3)	done	
30x20x12	3.0	(11, 4)	done	
30x20x12	3.0	(11, 5)	done	
30x20x12	3.0	(11, 6)	done	
30x20x12	3.0	(11, 7)	done	
30x20x12	3.0	(11, 8)	done	
30x20x12	3.0	(11, 9)	done	
30x20x12	3.0	(11, 10)	done	
